doc_id,doc_type,filename,status,chars
DOC-AR-2024,annual_report,annual_report/DOC-AR-2024.pdf,ok,96860
DOC-AR-2025,annual_report,annual_report/DOC-AR-2025.pdf,ok,96830
DOC-BANK-2019,bank_statement,bank_statement/DOC-BANK-2019.pdf,ok,10649
DOC-BANK-2020,bank_statement,bank_statement/DOC-BANK-2020.pdf,ok,21317
DOC-BANK-2021,bank_statement,bank_statement/DOC-BANK-2021.pdf,ok,26657
DOC-BANK-2022,bank_statement,bank_statement/DOC-BANK-2022.pdf,ok,37337
DOC-BANK-2023,bank_statement,bank_statement/DOC-BANK-2023.pdf,ok,26669
DOC-BANK-2024,bank_statement,bank_statement/DOC-BANK-2024.pdf,ok,26669
DOC-BANK-2025,bank_statement,bank_statement/DOC-BANK-2025.pdf,ok,31993
DOC-BANK-2026,bank_statement,bank_statement/DOC-BANK-2026.pdf,ok,10649
DOC-BOND-00005,performance_bond,performance_bond/DOC-BOND-00005.pdf,ok,16724
DOC-BOND-00006,performance_bond,performance_bond/DOC-BOND-00006.pdf,ok,5467
DOC-BOND-00010,performance_bond,performance_bond/DOC-BOND-00010.pdf,ok,16238
DOC-BOND-00016,performance_bond,performance_bond/DOC-BOND-00016.pdf,ok,5397
DOC-BOND-00024,performance_bond,performance_bond/DOC-BOND-00024.pdf,ok,5468
DOC-BOND-00025,performance_bond,performance_bond/DOC-BOND-00025.pdf,ok,16721
DOC-BOND-00030,performance_bond,performance_bond/DOC-BOND-00030.pdf,ok,16726
DOC-BOND-00032,performance_bond,performance_bond/DOC-BOND-00032.pdf,ok,16498
DOC-BOND-00036,performance_bond,performance_bond/DOC-BOND-00036.pdf,ok,5468
DOC-BOND-00040,performance_bond,performance_bond/DOC-BOND-00040.pdf,ok,5467
DOC-BOND-00044,performance_bond,performance_bond/DOC-BOND-00044.pdf,ok,16724
DOC-BOND-00045,performance_bond,performance_bond/DOC-BOND-00045.pdf,ok,5467
DOC-BOND-00046,performance_bond,performance_bond/DOC-BOND-00046.pdf,ok,5467
DOC-BOND-00047,performance_bond,performance_bond/DOC-BOND-00047.pdf,ok,5468
DOC-BOND-00059,performance_bond,performance_bond/DOC-BOND-00059.pdf,ok,16729
DOC-BOND-00063,performance_bond,performance_bond/DOC-BOND-00063.pdf,ok,5467
DOC-BOND-00064,performance_bond,performance_bond/DOC-BOND-00064.pdf,ok,16493
DOC-BOND-00065,performance_bond,performance_bond/DOC-BOND-00065.pdf,ok,16723
DOC-BOND-00066,performance_bond,performance_bond/DOC-BOND-00066.pdf,ok,16498
DOC-BOND-00067,performance_bond,performance_bond/DOC-BOND-00067.pdf,ok,5262
DOC-BOND-00071,performance_bond,performance_bond/DOC-BOND-00071.pdf,ok,16727
DOC-BOND-00077,performance_bond,performance_bond/DOC-BOND-00077.pdf,ok,5396
DOC-BOND-00082,performance_bond,performance_bond/DOC-BOND-00082.pdf,ok,16724
DOC-BOND-00085,performance_bond,performance_bond/DOC-BOND-00085.pdf,ok,5468
DOC-BOND-00087,performance_bond,performance_bond/DOC-BOND-00087.pdf,ok,5262
DOC-BOND-00091,performance_bond,performance_bond/DOC-BOND-00091.pdf,ok,5467
DOC-BOND-00095,performance_bond,performance_bond/DOC-BOND-00095.pdf,ok,16238
DOC-BOND-00101,performance_bond,performance_bond/DOC-BOND-00101.pdf,ok,5468
DOC-BOND-00105,performance_bond,performance_bond/DOC-BOND-00105.pdf,ok,5264
DOC-BOND-00117,performance_bond,performance_bond/DOC-BOND-00117.pdf,ok,16498
DOC-BOND-00119,performance_bond,performance_bond/DOC-BOND-00119.pdf,ok,16716
DOC-BOND-00120,performance_bond,performance_bond/DOC-BOND-00120.pdf,ok,5396
DOC-BOND-00128,performance_bond,performance_bond/DOC-BOND-00128.pdf,ok,5467
DOC-BOND-00132,performance_bond,performance_bond/DOC-BOND-00132.pdf,ok,5468
DOC-BOND-00136,performance_bond,performance_bond/DOC-BOND-00136.pdf,ok,5261
DOC-BOND-00143,performance_bond,performance_bond/DOC-BOND-00143.pdf,ok,5264
DOC-BOND-00150,performance_bond,performance_bond/DOC-BOND-00150.pdf,ok,16238
DOC-BOND-00160,performance_bond,performance_bond/DOC-BOND-00160.pdf,ok,5396
DOC-BOND-00170,performance_bond,performance_bond/DOC-BOND-00170.pdf,ok,16493
DOC-BOND-00171,performance_bond,performance_bond/DOC-BOND-00171.pdf,ok,16726
DOC-BOND-00174,performance_bond,performance_bond/DOC-BOND-00174.pdf,ok,5468
DOC-BOND-00181,performance_bond,performance_bond/DOC-BOND-00181.pdf,ok,5468
DOC-BOND-00184,performance_bond,performance_bond/DOC-BOND-00184.pdf,ok,16238
DOC-BOND-00189,performance_bond,performance_bond/DOC-BOND-00189.pdf,ok,5468
DOC-BOND-00190,performance_bond,performance_bond/DOC-BOND-00190.pdf,ok,16723
DOC-BOND-00192,performance_bond,performance_bond/DOC-BOND-00192.pdf,ok,16493
DOC-BOND-00202,performance_bond,performance_bond/DOC-BOND-00202.pdf,ok,5468
DOC-BOND-00208,performance_bond,performance_bond/DOC-BOND-00208.pdf,ok,16723
DOC-BOND-00211,performance_bond,performance_bond/DOC-BOND-00211.pdf,ok,5468
DOC-BOND-00212,performance_bond,performance_bond/DOC-BOND-00212.pdf,ok,5467
DOC-BOND-00214,performance_bond,performance_bond/DOC-BOND-00214.pdf,ok,16237
DOC-BOND-00216,performance_bond,performance_bond/DOC-BOND-00216.pdf,ok,16723
DOC-BOND-00217,performance_bond,performance_bond/DOC-BOND-00217.pdf,ok,16725
DOC-BOND-00219,performance_bond,performance_bond/DOC-BOND-00219.pdf,ok,5396
DOC-BOND-00220,performance_bond,performance_bond/DOC-BOND-00220.pdf,ok,16719
DOC-BOND-00225,performance_bond,performance_bond/DOC-BOND-00225.pdf,ok,16491
DOC-BOND-00231,performance_bond,performance_bond/DOC-BOND-00231.pdf,ok,5467
DOC-BOND-00235,performance_bond,performance_bond/DOC-BOND-00235.pdf,ok,5467
DOC-BOND-00236,performance_bond,performance_bond/DOC-BOND-00236.pdf,ok,5467
DOC-BOND-00238,performance_bond,performance_bond/DOC-BOND-00238.pdf,ok,16727
DOC-CC-001,completion_certificate,completion_certificate/DOC-CC-001.pdf,ok,11314
DOC-CC-002,completion_certificate,completion_certificate/DOC-CC-002.pdf,ok,5418
DOC-CC-003,completion_certificate,completion_certificate/DOC-CC-003.pdf,ok,11314
DOC-CC-004,completion_certificate,completion_certificate/DOC-CC-004.pdf,ok,11150
DOC-CC-005,completion_certificate,completion_certificate/DOC-CC-005.pdf,ok,5370
DOC-CC-006,completion_certificate,completion_certificate/DOC-CC-006.pdf,ok,5363
DOC-CC-007,completion_certificate,completion_certificate/DOC-CC-007.pdf,ok,5173
DOC-CC-008,completion_certificate,completion_certificate/DOC-CC-008.pdf,ok,5174
DOC-CC-009,completion_certificate,completion_certificate/DOC-CC-009.pdf,ok,5413
DOC-CC-010,completion_certificate,completion_certificate/DOC-CC-010.pdf,ok,5388
DOC-CC-011,completion_certificate,completion_certificate/DOC-CC-011.pdf,ok,5267
DOC-CC-012,completion_certificate,completion_certificate/DOC-CC-012.pdf,ok,5408
DOC-CC-013,completion_certificate,completion_certificate/DOC-CC-013.pdf,ok,5299
DOC-CC-014,completion_certificate,completion_certificate/DOC-CC-014.pdf,ok,8724
DOC-CC-015,completion_certificate,completion_certificate/DOC-CC-015.pdf,ok,5292
DOC-CC-016,completion_certificate,completion_certificate/DOC-CC-016.pdf,ok,5369
DOC-CC-017,completion_certificate,completion_certificate/DOC-CC-017.pdf,ok,5354
DOC-CC-018,completion_certificate,completion_certificate/DOC-CC-018.pdf,ok,5177
DOC-CC-019,completion_certificate,completion_certificate/DOC-CC-019.pdf,ok,5452
DOC-CC-020,completion_certificate,completion_certificate/DOC-CC-020.pdf,ok,11148
DOC-CC-021,completion_certificate,completion_certificate/DOC-CC-021.pdf,ok,5371
DOC-CC-022,completion_certificate,completion_certificate/DOC-CC-022.pdf,ok,10670
DOC-CC-023,completion_certificate,completion_certificate/DOC-CC-023.pdf,ok,10670
DOC-CC-024,completion_certificate,completion_certificate/DOC-CC-024.pdf,ok,11314
DOC-CC-025,completion_certificate,completion_certificate/DOC-CC-025.pdf,ok,10670
DOC-CC-026,completion_certificate,completion_certificate/DOC-CC-026.pdf,ok,8562
DOC-CC-027,completion_certificate,completion_certificate/DOC-CC-027.pdf,ok,8645
DOC-CC-028,completion_certificate,completion_certificate/DOC-CC-028.pdf,ok,5285
DOC-CC-029,completion_certificate,completion_certificate/DOC-CC-029.pdf,ok,8645
DOC-CC-030,completion_certificate,completion_certificate/DOC-CC-030.pdf,ok,5170
DOC-CC-031,completion_certificate,completion_certificate/DOC-CC-031.pdf,ok,10670
DOC-CC-032,completion_certificate,completion_certificate/DOC-CC-032.pdf,ok,5483
DOC-CC-033,completion_certificate,completion_certificate/DOC-CC-033.pdf,ok,11150
DOC-CC-034,completion_certificate,completion_certificate/DOC-CC-034.pdf,ok,5367
DOC-CC-035,completion_certificate,completion_certificate/DOC-CC-035.pdf,ok,8724
DOC-CC-036,completion_certificate,completion_certificate/DOC-CC-036.pdf,ok,11150
DOC-CC-037,completion_certificate,completion_certificate/DOC-CC-037.pdf,ok,5412
DOC-CC-038,completion_certificate,completion_certificate/DOC-CC-038.pdf,ok,11148
DOC-CC-039,completion_certificate,completion_certificate/DOC-CC-039.pdf,ok,11150
DOC-CC-040,completion_certificate,completion_certificate/DOC-CC-040.pdf,ok,8724
DOC-CC-041,completion_certificate,completion_certificate/DOC-CC-041.pdf,ok,8645
DOC-CC-042,completion_certificate,completion_certificate/DOC-CC-042.pdf,ok,10670
DOC-CC-043,completion_certificate,completion_certificate/DOC-CC-043.pdf,ok,5345
DOC-CC-044,completion_certificate,completion_certificate/DOC-CC-044.pdf,ok,5349
DOC-CC-045,completion_certificate,completion_certificate/DOC-CC-045.pdf,ok,8641
DOC-CC-046,completion_certificate,completion_certificate/DOC-CC-046.pdf,ok,11314
DOC-CC-047,completion_certificate,completion_certificate/DOC-CC-047.pdf,ok,5447
DOC-CC-048,completion_certificate,completion_certificate/DOC-CC-048.pdf,ok,5413
DOC-CC-049,completion_certificate,completion_certificate/DOC-CC-049.pdf,ok,5174
DOC-CC-050,completion_certificate,completion_certificate/DOC-CC-050.pdf,ok,11148
DOC-CC-051,completion_certificate,completion_certificate/DOC-CC-051.pdf,ok,11149
DOC-CC-052,completion_certificate,completion_certificate/DOC-CC-052.pdf,ok,11148
DOC-CC-053,completion_certificate,completion_certificate/DOC-CC-053.pdf,ok,5408
DOC-CC-054,completion_certificate,completion_certificate/DOC-CC-054.pdf,ok,5415
DOC-CC-055,completion_certificate,completion_certificate/DOC-CC-055.pdf,ok,11314
DOC-CC-056,completion_certificate,completion_certificate/DOC-CC-056.pdf,ok,8645
DOC-CC-057,completion_certificate,completion_certificate/DOC-CC-057.pdf,ok,11148
DOC-CC-058,completion_certificate,completion_certificate/DOC-CC-058.pdf,ok,8645
DOC-CC-059,completion_certificate,completion_certificate/DOC-CC-059.pdf,ok,8641
DOC-CC-060,completion_certificate,completion_certificate/DOC-CC-060.pdf,ok,10670
DOC-CC-061,completion_certificate,completion_certificate/DOC-CC-061.pdf,ok,8645
DOC-CC-062,completion_certificate,completion_certificate/DOC-CC-062.pdf,ok,5430
DOC-CC-063,completion_certificate,completion_certificate/DOC-CC-063.pdf,ok,8641
DOC-CC-064,completion_certificate,completion_certificate/DOC-CC-064.pdf,ok,11148
DOC-CC-065,completion_certificate,completion_certificate/DOC-CC-065.pdf,ok,5412
DOC-CC-066,completion_certificate,completion_certificate/DOC-CC-066.pdf,ok,5409
DOC-CC-067,completion_certificate,completion_certificate/DOC-CC-067.pdf,ok,11314
DOC-CC-068,completion_certificate,completion_certificate/DOC-CC-068.pdf,ok,5378
DOC-CC-069,completion_certificate,completion_certificate/DOC-CC-069.pdf,ok,16363
DOC-CC-070,completion_certificate,completion_certificate/DOC-CC-070.pdf,ok,11148
DOC-CC-071,completion_certificate,completion_certificate/DOC-CC-071.pdf,ok,11148
DOC-CC-072,completion_certificate,completion_certificate/DOC-CC-072.pdf,ok,10670
DOC-CC-073,completion_certificate,completion_certificate/DOC-CC-073.pdf,ok,5296
DOC-CC-074,completion_certificate,completion_certificate/DOC-CC-074.pdf,ok,11148
DOC-CC-075,completion_certificate,completion_certificate/DOC-CC-075.pdf,ok,11314
DOC-CC-076,completion_certificate,completion_certificate/DOC-CC-076.pdf,ok,16346
DOC-CC-077,completion_certificate,completion_certificate/DOC-CC-077.pdf,ok,8724
DOC-CC-078,completion_certificate,completion_certificate/DOC-CC-078.pdf,ok,5439
DOC-CC-079,completion_certificate,completion_certificate/DOC-CC-079.pdf,ok,5443
DOC-CC-080,completion_certificate,completion_certificate/DOC-CC-080.pdf,ok,5419
DOC-CC-081,completion_certificate,completion_certificate/DOC-CC-081.pdf,ok,5342
DOC-CC-082,completion_certificate,completion_certificate/DOC-CC-082.pdf,ok,5409
DOC-CC-083,completion_certificate,completion_certificate/DOC-CC-083.pdf,ok,5404
DOC-CC-084,completion_certificate,completion_certificate/DOC-CC-084.pdf,ok,11314
DOC-CC-085,completion_certificate,completion_certificate/DOC-CC-085.pdf,ok,5333
DOC-CC-086,completion_certificate,completion_certificate/DOC-CC-086.pdf,ok,11148
DOC-CC-087,completion_certificate,completion_certificate/DOC-CC-087.pdf,ok,11979
DOC-CC-088,completion_certificate,completion_certificate/DOC-CC-088.pdf,ok,11150
DOC-CC-089,completion_certificate,completion_certificate/DOC-CC-089.pdf,ok,10670
DOC-CC-090,completion_certificate,completion_certificate/DOC-CC-090.pdf,ok,5503
DOC-CC-091,completion_certificate,completion_certificate/DOC-CC-091.pdf,ok,11148
DOC-CC-092,completion_certificate,completion_certificate/DOC-CC-092.pdf,ok,8724
DOC-CC-093,completion_certificate,completion_certificate/DOC-CC-093.pdf,ok,5384
DOC-CC-094,completion_certificate,completion_certificate/DOC-CC-094.pdf,ok,11314
DOC-CC-095,completion_certificate,completion_certificate/DOC-CC-095.pdf,ok,5420
DOC-CC-096,completion_certificate,completion_certificate/DOC-CC-096.pdf,ok,5445
DOC-CC-097,completion_certificate,completion_certificate/DOC-CC-097.pdf,ok,5378
DOC-CC-098,completion_certificate,completion_certificate/DOC-CC-098.pdf,ok,11316
DOC-CC-099,completion_certificate,completion_certificate/DOC-CC-099.pdf,ok,5410
DOC-CC-100,completion_certificate,completion_certificate/DOC-CC-100.pdf,ok,5366
DOC-CC-101,completion_certificate,completion_certificate/DOC-CC-101.pdf,ok,5419
DOC-CC-102,completion_certificate,completion_certificate/DOC-CC-102.pdf,ok,11314
DOC-CC-103,completion_certificate,completion_certificate/DOC-CC-103.pdf,ok,5376
DOC-CC-104,completion_certificate,completion_certificate/DOC-CC-104.pdf,ok,11148
DOC-CC-105,completion_certificate,completion_certificate/DOC-CC-105.pdf,ok,16355
DOC-CC-106,completion_certificate,completion_certificate/DOC-CC-106.pdf,ok,11314
DOC-CC-107,completion_certificate,completion_certificate/DOC-CC-107.pdf,ok,11314
DOC-CC-108,completion_certificate,completion_certificate/DOC-CC-108.pdf,ok,11315
DOC-CC-109,completion_certificate,completion_certificate/DOC-CC-109.pdf,ok,10670
DOC-CC-110,completion_certificate,completion_certificate/DOC-CC-110.pdf,ok,8641
DOC-CC-111,completion_certificate,completion_certificate/DOC-CC-111.pdf,ok,8807
DOC-CC-112,completion_certificate,completion_certificate/DOC-CC-112.pdf,ok,11150
DOC-CC-113,completion_certificate,completion_certificate/DOC-CC-113.pdf,ok,5412
DOC-CC-114,completion_certificate,completion_certificate/DOC-CC-114.pdf,ok,10670
DOC-CC-115,completion_certificate,completion_certificate/DOC-CC-115.pdf,ok,5389
DOC-CC-116,completion_certificate,completion_certificate/DOC-CC-116.pdf,ok,8641
DOC-CC-117,completion_certificate,completion_certificate/DOC-CC-117.pdf,ok,8645
DOC-CC-118,completion_certificate,completion_certificate/DOC-CC-118.pdf,ok,11148
DOC-CC-119,completion_certificate,completion_certificate/DOC-CC-119.pdf,ok,5356
DOC-CC-120,completion_certificate,completion_certificate/DOC-CC-120.pdf,ok,5341
DOC-CC-121,completion_certificate,completion_certificate/DOC-CC-121.pdf,ok,5449
DOC-CC-122,completion_certificate,completion_certificate/DOC-CC-122.pdf,ok,5359
DOC-CC-123,completion_certificate,completion_certificate/DOC-CC-123.pdf,ok,5382
DOC-CC-124,completion_certificate,completion_certificate/DOC-CC-124.pdf,ok,5369
DOC-CC-125,completion_certificate,completion_certificate/DOC-CC-125.pdf,ok,5372
DOC-CC-126,completion_certificate,completion_certificate/DOC-CC-126.pdf,ok,5408
DOC-CC-127,completion_certificate,completion_certificate/DOC-CC-127.pdf,ok,5440
DOC-CC-128,completion_certificate,completion_certificate/DOC-CC-128.pdf,ok,11148
DOC-CC-129,completion_certificate,completion_certificate/DOC-CC-129.pdf,ok,8641
DOC-CC-130,completion_certificate,completion_certificate/DOC-CC-130.pdf,ok,5414
DOC-CC-131,completion_certificate,completion_certificate/DOC-CC-131.pdf,ok,11813
DOC-CC-132,completion_certificate,completion_certificate/DOC-CC-132.pdf,ok,5414
DOC-CC-133,completion_certificate,completion_certificate/DOC-CC-133.pdf,ok,5413
DOC-CC-134,completion_certificate,completion_certificate/DOC-CC-134.pdf,ok,8645
DOC-CC-135,completion_certificate,completion_certificate/DOC-CC-135.pdf,ok,5441
DOC-CC-136,completion_certificate,completion_certificate/DOC-CC-136.pdf,ok,8724
DOC-CC-137,completion_certificate,completion_certificate/DOC-CC-137.pdf,ok,5408
DOC-CC-138,completion_certificate,completion_certificate/DOC-CC-138.pdf,ok,5443
DOC-CC-139,completion_certificate,completion_certificate/DOC-CC-139.pdf,ok,8724
DOC-CC-140,completion_certificate,completion_certificate/DOC-CC-140.pdf,ok,16345
DOC-CC-141,completion_certificate,completion_certificate/DOC-CC-141.pdf,ok,5407
DOC-CC-142,completion_certificate,completion_certificate/DOC-CC-142.pdf,ok,8645
DOC-CC-143,completion_certificate,completion_certificate/DOC-CC-143.pdf,ok,5413
DOC-CC-144,completion_certificate,completion_certificate/DOC-CC-144.pdf,ok,5420
DOC-CC-145,completion_certificate,completion_certificate/DOC-CC-145.pdf,ok,11813
DOC-CC-146,completion_certificate,completion_certificate/DOC-CC-146.pdf,ok,8724
DOC-CC-147,completion_certificate,completion_certificate/DOC-CC-147.pdf,ok,11314
DOC-CC-148,completion_certificate,completion_certificate/DOC-CC-148.pdf,ok,11314
DOC-CC-149,completion_certificate,completion_certificate/DOC-CC-149.pdf,ok,5286
DOC-CC-150,completion_certificate,completion_certificate/DOC-CC-150.pdf,ok,5469
DOC-CC-151,completion_certificate,completion_certificate/DOC-CC-151.pdf,ok,11316
DOC-CC-152,completion_certificate,completion_certificate/DOC-CC-152.pdf,ok,10670
DOC-CC-153,completion_certificate,completion_certificate/DOC-CC-153.pdf,ok,10670
DOC-CC-154,completion_certificate,completion_certificate/DOC-CC-154.pdf,ok,11314
DOC-CC-155,completion_certificate,completion_certificate/DOC-CC-155.pdf,ok,16351
DOC-CCC-001,company_completion_certificate,company_completion_certificate/DOC-CCC-001.pdf,ok,5241
DOC-CCC-002,company_completion_certificate,company_completion_certificate/DOC-CCC-002.pdf,ok,11019
DOC-CCC-003,company_completion_certificate,company_completion_certificate/DOC-CCC-003.pdf,ok,11025
DOC-CCC-004,company_completion_certificate,company_completion_certificate/DOC-CCC-004.pdf,ok,5155
DOC-CCC-005,company_completion_certificate,company_completion_certificate/DOC-CCC-005.pdf,ok,11020
DOC-CCC-006,company_completion_certificate,company_completion_certificate/DOC-CCC-006.pdf,ok,5275
DOC-CCC-007,company_completion_certificate,company_completion_certificate/DOC-CCC-007.pdf,ok,11017
DOC-CCC-008,company_completion_certificate,company_completion_certificate/DOC-CCC-008.pdf,ok,11024
DOC-CCC-009,company_completion_certificate,company_completion_certificate/DOC-CCC-009.pdf,ok,5155
DOC-CCC-010,company_completion_certificate,company_completion_certificate/DOC-CCC-010.pdf,ok,11032
DOC-CCC-011,company_completion_certificate,company_completion_certificate/DOC-CCC-011.pdf,ok,5159
DOC-CCC-012,company_completion_certificate,company_completion_certificate/DOC-CCC-012.pdf,ok,5273
DOC-CCC-013,company_completion_certificate,company_completion_certificate/DOC-CCC-013.pdf,ok,5159
DOC-CCC-014,company_completion_certificate,company_completion_certificate/DOC-CCC-014.pdf,ok,5155
DOC-CCC-015,company_completion_certificate,company_completion_certificate/DOC-CCC-015.pdf,ok,5155
DOC-CCC-016,company_completion_certificate,company_completion_certificate/DOC-CCC-016.pdf,ok,5273
DOC-CCC-017,company_completion_certificate,company_completion_certificate/DOC-CCC-017.pdf,ok,10554
DOC-CCC-018,company_completion_certificate,company_completion_certificate/DOC-CCC-018.pdf,ok,5266
DOC-CCC-019,company_completion_certificate,company_completion_certificate/DOC-CCC-019.pdf,ok,11031
DOC-CCC-020,company_completion_certificate,company_completion_certificate/DOC-CCC-020.pdf,ok,5246
DOC-CCC-021,company_completion_certificate,company_completion_certificate/DOC-CCC-021.pdf,ok,11010
DOC-CCC-022,company_completion_certificate,company_completion_certificate/DOC-CCC-022.pdf,ok,5241
DOC-CCC-023,company_completion_certificate,company_completion_certificate/DOC-CCC-023.pdf,ok,10554
DOC-CCC-024,company_completion_certificate,company_completion_certificate/DOC-CCC-024.pdf,ok,11009
DOC-CCC-025,company_completion_certificate,company_completion_certificate/DOC-CCC-025.pdf,ok,5155
DOC-CCC-026,company_completion_certificate,company_completion_certificate/DOC-CCC-026.pdf,ok,10568
DOC-CCC-027,company_completion_certificate,company_completion_certificate/DOC-CCC-027.pdf,ok,5159
DOC-CCC-028,company_completion_certificate,company_completion_certificate/DOC-CCC-028.pdf,ok,11023
DOC-CCC-029,company_completion_certificate,company_completion_certificate/DOC-CCC-029.pdf,ok,10559
DOC-CCC-030,company_completion_certificate,company_completion_certificate/DOC-CCC-030.pdf,ok,5159
DOC-CCC-031,company_completion_certificate,company_completion_certificate/DOC-CCC-031.pdf,ok,10551
DOC-CCC-032,company_completion_certificate,company_completion_certificate/DOC-CCC-032.pdf,ok,10559
DOC-CCC-033,company_completion_certificate,company_completion_certificate/DOC-CCC-033.pdf,ok,5273
DOC-CCC-034,company_completion_certificate,company_completion_certificate/DOC-CCC-034.pdf,ok,11021
DOC-CCC-035,company_completion_certificate,company_completion_certificate/DOC-CCC-035.pdf,ok,5159
DOC-CCC-036,company_completion_certificate,company_completion_certificate/DOC-CCC-036.pdf,ok,11026
DOC-CCC-037,company_completion_certificate,company_completion_certificate/DOC-CCC-037.pdf,ok,5273
DOC-CCC-038,company_completion_certificate,company_completion_certificate/DOC-CCC-038.pdf,ok,11014
DOC-CCC-039,company_completion_certificate,company_completion_certificate/DOC-CCC-039.pdf,ok,11032
DOC-CCC-040,company_completion_certificate,company_completion_certificate/DOC-CCC-040.pdf,ok,5278
DOC-CCC-041,company_completion_certificate,company_completion_certificate/DOC-CCC-041.pdf,ok,10559
DOC-CCC-042,company_completion_certificate,company_completion_certificate/DOC-CCC-042.pdf,ok,10554
DOC-CCC-043,company_completion_certificate,company_completion_certificate/DOC-CCC-043.pdf,ok,11009
DOC-CCC-044,company_completion_certificate,company_completion_certificate/DOC-CCC-044.pdf,ok,5273
DOC-CCC-045,company_completion_certificate,company_completion_certificate/DOC-CCC-045.pdf,ok,5275
DOC-CCC-046,company_completion_certificate,company_completion_certificate/DOC-CCC-046.pdf,ok,5266
DOC-CCC-047,company_completion_certificate,company_completion_certificate/DOC-CCC-047.pdf,ok,11030
DOC-CCC-048,company_completion_certificate,company_completion_certificate/DOC-CCC-048.pdf,ok,5266
DOC-CCC-049,company_completion_certificate,company_completion_certificate/DOC-CCC-049.pdf,ok,5155
DOC-CCC-050,company_completion_certificate,company_completion_certificate/DOC-CCC-050.pdf,ok,10551
DOC-CCC-051,company_completion_certificate,company_completion_certificate/DOC-CCC-051.pdf,ok,5155
DOC-CCC-052,company_completion_certificate,company_completion_certificate/DOC-CCC-052.pdf,ok,11018
DOC-CCC-053,company_completion_certificate,company_completion_certificate/DOC-CCC-053.pdf,ok,11025
DOC-CCC-054,company_completion_certificate,company_completion_certificate/DOC-CCC-054.pdf,ok,11021
DOC-CCC-055,company_completion_certificate,company_completion_certificate/DOC-CCC-055.pdf,ok,5266
DOC-CCC-056,company_completion_certificate,company_completion_certificate/DOC-CCC-056.pdf,ok,5278
DOC-CCC-057,company_completion_certificate,company_completion_certificate/DOC-CCC-057.pdf,ok,5273
DOC-CCC-058,company_completion_certificate,company_completion_certificate/DOC-CCC-058.pdf,ok,11024
DOC-CCC-059,company_completion_certificate,company_completion_certificate/DOC-CCC-059.pdf,ok,10562
DOC-CCC-060,company_completion_certificate,company_completion_certificate/DOC-CCC-060.pdf,ok,5155
DOC-CCC-061,company_completion_certificate,company_completion_certificate/DOC-CCC-061.pdf,ok,5155
DOC-CCC-062,company_completion_certificate,company_completion_certificate/DOC-CCC-062.pdf,ok,5270
DOC-CCC-063,company_completion_certificate,company_completion_certificate/DOC-CCC-063.pdf,ok,11030
DOC-CCC-064,company_completion_certificate,company_completion_certificate/DOC-CCC-064.pdf,ok,11011
DOC-CCC-065,company_completion_certificate,company_completion_certificate/DOC-CCC-065.pdf,ok,11027
DOC-CCC-066,company_completion_certificate,company_completion_certificate/DOC-CCC-066.pdf,ok,11015
DOC-CCC-067,company_completion_certificate,company_completion_certificate/DOC-CCC-067.pdf,ok,11012
DOC-CCC-068,company_completion_certificate,company_completion_certificate/DOC-CCC-068.pdf,ok,5266
DOC-CCC-069,company_completion_certificate,company_completion_certificate/DOC-CCC-069.pdf,ok,5159
DOC-CCC-070,company_completion_certificate,company_completion_certificate/DOC-CCC-070.pdf,ok,5273
DOC-CCC-071,company_completion_certificate,company_completion_certificate/DOC-CCC-071.pdf,ok,5155
DOC-CCC-072,company_completion_certificate,company_completion_certificate/DOC-CCC-072.pdf,ok,11027
DOC-CCC-073,company_completion_certificate,company_completion_certificate/DOC-CCC-073.pdf,ok,11017
DOC-CCC-074,company_completion_certificate,company_completion_certificate/DOC-CCC-074.pdf,ok,5273
DOC-CCC-075,company_completion_certificate,company_completion_certificate/DOC-CCC-075.pdf,ok,5155
DOC-CCC-076,company_completion_certificate,company_completion_certificate/DOC-CCC-076.pdf,ok,11010
DOC-CCC-077,company_completion_certificate,company_completion_certificate/DOC-CCC-077.pdf,ok,11012
DOC-CCC-078,company_completion_certificate,company_completion_certificate/DOC-CCC-078.pdf,ok,5273
DOC-CCC-079,company_completion_certificate,company_completion_certificate/DOC-CCC-079.pdf,ok,11009
DOC-CCC-080,company_completion_certificate,company_completion_certificate/DOC-CCC-080.pdf,ok,11028
DOC-CCC-081,company_completion_certificate,company_completion_certificate/DOC-CCC-081.pdf,ok,5155
DOC-CCC-082,company_completion_certificate,company_completion_certificate/DOC-CCC-082.pdf,ok,5266
DOC-CCC-083,company_completion_certificate,company_completion_certificate/DOC-CCC-083.pdf,ok,11026
DOC-CCC-084,company_completion_certificate,company_completion_certificate/DOC-CCC-084.pdf,ok,5241
DOC-CCC-085,company_completion_certificate,company_completion_certificate/DOC-CCC-085.pdf,ok,5266
DOC-CCC-086,company_completion_certificate,company_completion_certificate/DOC-CCC-086.pdf,ok,11019
DOC-CCC-087,company_completion_certificate,company_completion_certificate/DOC-CCC-087.pdf,ok,5281
DOC-CCC-088,company_completion_certificate,company_completion_certificate/DOC-CCC-088.pdf,ok,5159
DOC-CCC-089,company_completion_certificate,company_completion_certificate/DOC-CCC-089.pdf,ok,5159
DOC-CCC-090,company_completion_certificate,company_completion_certificate/DOC-CCC-090.pdf,ok,5273
DOC-CCC-091,company_completion_certificate,company_completion_certificate/DOC-CCC-091.pdf,ok,11016
DOC-CCC-092,company_completion_certificate,company_completion_certificate/DOC-CCC-092.pdf,ok,5241
DOC-CCC-093,company_completion_certificate,company_completion_certificate/DOC-CCC-093.pdf,ok,5155
DOC-CCC-094,company_completion_certificate,company_completion_certificate/DOC-CCC-094.pdf,ok,5273
DOC-CCC-095,company_completion_certificate,company_completion_certificate/DOC-CCC-095.pdf,ok,11022
DOC-CCC-096,company_completion_certificate,company_completion_certificate/DOC-CCC-096.pdf,ok,11012
DOC-CCC-097,company_completion_certificate,company_completion_certificate/DOC-CCC-097.pdf,ok,11027
DOC-CCC-098,company_completion_certificate,company_completion_certificate/DOC-CCC-098.pdf,ok,5273
DOC-CCC-099,company_completion_certificate,company_completion_certificate/DOC-CCC-099.pdf,ok,11009
DOC-CCC-100,company_completion_certificate,company_completion_certificate/DOC-CCC-100.pdf,ok,11022
DOC-CCC-101,company_completion_certificate,company_completion_certificate/DOC-CCC-101.pdf,ok,5266
DOC-CCC-102,company_completion_certificate,company_completion_certificate/DOC-CCC-102.pdf,ok,5266
DOC-CCC-103,company_completion_certificate,company_completion_certificate/DOC-CCC-103.pdf,ok,11026
DOC-CCC-104,company_completion_certificate,company_completion_certificate/DOC-CCC-104.pdf,ok,5241
DOC-CCC-105,company_completion_certificate,company_completion_certificate/DOC-CCC-105.pdf,ok,5241
DOC-CCC-106,company_completion_certificate,company_completion_certificate/DOC-CCC-106.pdf,ok,11021
DOC-CCC-107,company_completion_certificate,company_completion_certificate/DOC-CCC-107.pdf,ok,5271
DOC-CCC-108,company_completion_certificate,company_completion_certificate/DOC-CCC-108.pdf,ok,5273
DOC-CCC-109,company_completion_certificate,company_completion_certificate/DOC-CCC-109.pdf,ok,11014
DOC-CCC-110,company_completion_certificate,company_completion_certificate/DOC-CCC-110.pdf,ok,11007
DOC-CCC-111,company_completion_certificate,company_completion_certificate/DOC-CCC-111.pdf,ok,11010
DOC-CCC-112,company_completion_certificate,company_completion_certificate/DOC-CCC-112.pdf,ok,5273
DOC-CCC-113,company_completion_certificate,company_completion_certificate/DOC-CCC-113.pdf,ok,10565
DOC-CCC-114,company_completion_certificate,company_completion_certificate/DOC-CCC-114.pdf,ok,11015
DOC-CCC-115,company_completion_certificate,company_completion_certificate/DOC-CCC-115.pdf,ok,5241
DOC-CCC-116,company_completion_certificate,company_completion_certificate/DOC-CCC-116.pdf,ok,11011
DOC-CCC-117,company_completion_certificate,company_completion_certificate/DOC-CCC-117.pdf,ok,10552
DOC-CCC-118,company_completion_certificate,company_completion_certificate/DOC-CCC-118.pdf,ok,11024
DOC-CCC-119,company_completion_certificate,company_completion_certificate/DOC-CCC-119.pdf,ok,11005
DOC-CCC-120,company_completion_certificate,company_completion_certificate/DOC-CCC-120.pdf,ok,10557
DOC-CCC-121,company_completion_certificate,company_completion_certificate/DOC-CCC-121.pdf,ok,11016
DOC-CCC-122,company_completion_certificate,company_completion_certificate/DOC-CCC-122.pdf,ok,11005
DOC-CCC-123,company_completion_certificate,company_completion_certificate/DOC-CCC-123.pdf,ok,11020
DOC-CCC-124,company_completion_certificate,company_completion_certificate/DOC-CCC-124.pdf,ok,10562
DOC-CCC-125,company_completion_certificate,company_completion_certificate/DOC-CCC-125.pdf,ok,11031
DOC-CCC-126,company_completion_certificate,company_completion_certificate/DOC-CCC-126.pdf,ok,5273
DOC-CCC-127,company_completion_certificate,company_completion_certificate/DOC-CCC-127.pdf,ok,5266
DOC-CCC-128,company_completion_certificate,company_completion_certificate/DOC-CCC-128.pdf,ok,5159
DOC-CCC-129,company_completion_certificate,company_completion_certificate/DOC-CCC-129.pdf,ok,5278
DOC-CCC-130,company_completion_certificate,company_completion_certificate/DOC-CCC-130.pdf,ok,5273
DOC-CCC-131,company_completion_certificate,company_completion_certificate/DOC-CCC-131.pdf,ok,5159
DOC-CCC-132,company_completion_certificate,company_completion_certificate/DOC-CCC-132.pdf,ok,11000
DOC-CCC-133,company_completion_certificate,company_completion_certificate/DOC-CCC-133.pdf,ok,11016
DOC-CCC-134,company_completion_certificate,company_completion_certificate/DOC-CCC-134.pdf,ok,10562
DOC-CCC-135,company_completion_certificate,company_completion_certificate/DOC-CCC-135.pdf,ok,5276
DOC-CCC-136,company_completion_certificate,company_completion_certificate/DOC-CCC-136.pdf,ok,11028
DOC-CCC-137,company_completion_certificate,company_completion_certificate/DOC-CCC-137.pdf,ok,5241
DOC-CCC-138,company_completion_certificate,company_completion_certificate/DOC-CCC-138.pdf,ok,5270
DOC-CCC-139,company_completion_certificate,company_completion_certificate/DOC-CCC-139.pdf,ok,11021
DOC-CCC-140,company_completion_certificate,company_completion_certificate/DOC-CCC-140.pdf,ok,11012
DOC-CCC-141,company_completion_certificate,company_completion_certificate/DOC-CCC-141.pdf,ok,5155
DOC-CCC-142,company_completion_certificate,company_completion_certificate/DOC-CCC-142.pdf,ok,11031
DOC-CCC-143,company_completion_certificate,company_completion_certificate/DOC-CCC-143.pdf,ok,11013
DOC-CCC-144,company_completion_certificate,company_completion_certificate/DOC-CCC-144.pdf,ok,11013
DOC-CCC-145,company_completion_certificate,company_completion_certificate/DOC-CCC-145.pdf,ok,5155
DOC-CCC-146,company_completion_certificate,company_completion_certificate/DOC-CCC-146.pdf,ok,5266
DOC-CCC-147,company_completion_certificate,company_completion_certificate/DOC-CCC-147.pdf,ok,10560
DOC-CCC-148,company_completion_certificate,company_completion_certificate/DOC-CCC-148.pdf,ok,10568
DOC-CCC-149,company_completion_certificate,company_completion_certificate/DOC-CCC-149.pdf,ok,11020
DOC-CCC-150,company_completion_certificate,company_completion_certificate/DOC-CCC-150.pdf,ok,11023
DOC-CCC-151,company_completion_certificate,company_completion_certificate/DOC-CCC-151.pdf,ok,11017
DOC-CCC-152,company_completion_certificate,company_completion_certificate/DOC-CCC-152.pdf,ok,5155
DOC-CCC-153,company_completion_certificate,company_completion_certificate/DOC-CCC-153.pdf,ok,5266
DOC-CCC-154,company_completion_certificate,company_completion_certificate/DOC-CCC-154.pdf,ok,5266
DOC-CCC-155,company_completion_certificate,company_completion_certificate/DOC-CCC-155.pdf,ok,5159
DOC-CERT-001,iso_certificate,iso_certificate/DOC-CERT-001.pdf,ok,10795
DOC-CERT-002,iso_certificate,iso_certificate/DOC-CERT-002.pdf,ok,10795
DOC-CERT-003,iso_certificate,iso_certificate/DOC-CERT-003.pdf,ok,10856
DOC-CERT-004,iso_certificate,iso_certificate/DOC-CERT-004.pdf,ok,10526
DOC-CERT-005,iso_certificate,iso_certificate/DOC-CERT-005.pdf,ok,10799
DOC-CM-0005,compliance_matrix,compliance_matrix/DOC-CM-0005.pdf,ok,5194
DOC-CM-0006,compliance_matrix,compliance_matrix/DOC-CM-0006.pdf,ok,5194
DOC-CM-0010,compliance_matrix,compliance_matrix/DOC-CM-0010.pdf,ok,10584
DOC-CM-0016,compliance_matrix,compliance_matrix/DOC-CM-0016.pdf,ok,10589
DOC-CM-0025,compliance_matrix,compliance_matrix/DOC-CM-0025.pdf,ok,5194
DOC-CM-0026,compliance_matrix,compliance_matrix/DOC-CM-0026.pdf,ok,5194
DOC-CM-0031,compliance_matrix,compliance_matrix/DOC-CM-0031.pdf,ok,5194
DOC-CM-0033,compliance_matrix,compliance_matrix/DOC-CM-0033.pdf,ok,10587
DOC-CM-0038,compliance_matrix,compliance_matrix/DOC-CM-0038.pdf,ok,10582
DOC-CM-0042,compliance_matrix,compliance_matrix/DOC-CM-0042.pdf,ok,10584
DOC-CM-0047,compliance_matrix,compliance_matrix/DOC-CM-0047.pdf,ok,10581
DOC-CM-0048,compliance_matrix,compliance_matrix/DOC-CM-0048.pdf,ok,10588
DOC-CM-0049,compliance_matrix,compliance_matrix/DOC-CM-0049.pdf,ok,10583
DOC-CM-0050,compliance_matrix,compliance_matrix/DOC-CM-0050.pdf,ok,5194
DOC-CM-0063,compliance_matrix,compliance_matrix/DOC-CM-0063.pdf,ok,10587
DOC-CM-0067,compliance_matrix,compliance_matrix/DOC-CM-0067.pdf,ok,10583
DOC-CM-0068,compliance_matrix,compliance_matrix/DOC-CM-0068.pdf,ok,5194
DOC-CM-0069,compliance_matrix,compliance_matrix/DOC-CM-0069.pdf,ok,10581
DOC-CM-0070,compliance_matrix,compliance_matrix/DOC-CM-0070.pdf,ok,10582
DOC-CM-0071,compliance_matrix,compliance_matrix/DOC-CM-0071.pdf,ok,5194
DOC-CM-0076,compliance_matrix,compliance_matrix/DOC-CM-0076.pdf,ok,5194
DOC-CM-0083,compliance_matrix,compliance_matrix/DOC-CM-0083.pdf,ok,10587
DOC-CM-0088,compliance_matrix,compliance_matrix/DOC-CM-0088.pdf,ok,5194
DOC-CM-0091,compliance_matrix,compliance_matrix/DOC-CM-0091.pdf,ok,5194
DOC-CM-0094,compliance_matrix,compliance_matrix/DOC-CM-0094.pdf,ok,5194
DOC-CM-0099,compliance_matrix,compliance_matrix/DOC-CM-0099.pdf,ok,5194
DOC-CM-0103,compliance_matrix,compliance_matrix/DOC-CM-0103.pdf,ok,5194
DOC-CM-0111,compliance_matrix,compliance_matrix/DOC-CM-0111.pdf,ok,10590
DOC-CM-0116,compliance_matrix,compliance_matrix/DOC-CM-0116.pdf,ok,5194
DOC-CM-0128,compliance_matrix,compliance_matrix/DOC-CM-0128.pdf,ok,10581
DOC-CM-0130,compliance_matrix,compliance_matrix/DOC-CM-0130.pdf,ok,10579
DOC-CM-0131,compliance_matrix,compliance_matrix/DOC-CM-0131.pdf,ok,5194
DOC-CM-0142,compliance_matrix,compliance_matrix/DOC-CM-0142.pdf,ok,10586
DOC-CM-0146,compliance_matrix,compliance_matrix/DOC-CM-0146.pdf,ok,10589
DOC-CM-0151,compliance_matrix,compliance_matrix/DOC-CM-0151.pdf,ok,5194
DOC-CM-0158,compliance_matrix,compliance_matrix/DOC-CM-0158.pdf,ok,5194
DOC-CM-0165,compliance_matrix,compliance_matrix/DOC-CM-0165.pdf,ok,10586
DOC-CM-0175,compliance_matrix,compliance_matrix/DOC-CM-0175.pdf,ok,5194
DOC-CM-0185,compliance_matrix,compliance_matrix/DOC-CM-0185.pdf,ok,5194
DOC-CM-0186,compliance_matrix,compliance_matrix/DOC-CM-0186.pdf,ok,5194
DOC-CV-001,cv,cv/DOC-CV-001.pdf,ok,10733
DOC-CV-002,cv,cv/DOC-CV-002.pdf,ok,10727
DOC-CV-003,cv,cv/DOC-CV-003.pdf,ok,10724
DOC-CV-004,cv,cv/DOC-CV-004.pdf,ok,10717
DOC-CV-005,cv,cv/DOC-CV-005.pdf,ok,10724
DOC-CV-006,cv,cv/DOC-CV-006.pdf,ok,10725
DOC-CV-007,cv,cv/DOC-CV-007.pdf,ok,10731
DOC-CV-008,cv,cv/DOC-CV-008.pdf,ok,10717
DOC-CV-009,cv,cv/DOC-CV-009.pdf,ok,10724
DOC-CV-010,cv,cv/DOC-CV-010.pdf,ok,10717
DOC-CV-011,cv,cv/DOC-CV-011.pdf,ok,10724
DOC-CV-012,cv,cv/DOC-CV-012.pdf,ok,10726
DOC-CV-013,cv,cv/DOC-CV-013.pdf,ok,10729
DOC-CV-014,cv,cv/DOC-CV-014.pdf,ok,10723
DOC-CV-015,cv,cv/DOC-CV-015.pdf,ok,10724
DOC-CV-016,cv,cv/DOC-CV-016.pdf,ok,10726
DOC-CV-017,cv,cv/DOC-CV-017.pdf,ok,10717
DOC-CV-018,cv,cv/DOC-CV-018.pdf,ok,10732
DOC-CV-019,cv,cv/DOC-CV-019.pdf,ok,10725
DOC-CV-020,cv,cv/DOC-CV-020.pdf,ok,10726
DOC-CV-021,cv,cv/DOC-CV-021.pdf,ok,10724
DOC-CV-022,cv,cv/DOC-CV-022.pdf,ok,10719
DOC-CV-023,cv,cv/DOC-CV-023.pdf,ok,10717
DOC-CV-024,cv,cv/DOC-CV-024.pdf,ok,10725
DOC-CV-025,cv,cv/DOC-CV-025.pdf,ok,10726
DOC-CV-026,cv,cv/DOC-CV-026.pdf,ok,10726
DOC-CV-027,cv,cv/DOC-CV-027.pdf,ok,10726
DOC-CV-028,cv,cv/DOC-CV-028.pdf,ok,10724
DOC-CV-029,cv,cv/DOC-CV-029.pdf,ok,10733
DOC-CV-030,cv,cv/DOC-CV-030.pdf,ok,10729
DOC-CV-031,cv,cv/DOC-CV-031.pdf,ok,10724
DOC-CV-032,cv,cv/DOC-CV-032.pdf,ok,10717
DOC-CV-033,cv,cv/DOC-CV-033.pdf,ok,10724
DOC-CV-034,cv,cv/DOC-CV-034.pdf,ok,10717
DOC-CV-035,cv,cv/DOC-CV-035.pdf,ok,10731
DOC-CV-036,cv,cv/DOC-CV-036.pdf,ok,10723
DOC-CV-037,cv,cv/DOC-CV-037.pdf,ok,10724
DOC-CV-038,cv,cv/DOC-CV-038.pdf,ok,10717
DOC-CV-039,cv,cv/DOC-CV-039.pdf,ok,10727
DOC-DOSSIER-0165,tender_dossier,tender_dossier/DOC-DOSSIER-0165.pdf,ok,259647
DOC-DOSSIER-0205,tender_dossier,tender_dossier/DOC-DOSSIER-0205.pdf,ok,259737
DOC-DOSSIER-0206,tender_dossier,tender_dossier/DOC-DOSSIER-0206.pdf,ok,259657
DOC-DOSSIER-0326,tender_dossier,tender_dossier/DOC-DOSSIER-0326.pdf,ok,259737
DOC-DOSSIER-0333,tender_dossier,tender_dossier/DOC-DOSSIER-0333.pdf,ok,259737
DOC-DOSSIER-0338,tender_dossier,tender_dossier/DOC-DOSSIER-0338.pdf,ok,259738
DOC-FINBILL-0071,final_ra_bill,final_ra_bill/DOC-FINBILL-0071.pdf,ok,106419
DOC-FINBILL-0072,final_ra_bill,final_ra_bill/DOC-FINBILL-0072.pdf,ok,74433
DOC-FINBILL-0073,final_ra_bill,final_ra_bill/DOC-FINBILL-0073.pdf,ok,90431
DOC-FINBILL-0074,final_ra_bill,final_ra_bill/DOC-FINBILL-0074.pdf,ok,127736
DOC-FINBILL-0075,final_ra_bill,final_ra_bill/DOC-FINBILL-0075.pdf,ok,122396
DOC-FINBILL-0079,final_ra_bill,final_ra_bill/DOC-FINBILL-0079.pdf,ok,90425
DOC-FS-2019,financial_statement,financial_statement/DOC-FS-2019.pdf,ok,16306
DOC-FS-2020,financial_statement,financial_statement/DOC-FS-2020.pdf,ok,16306
DOC-FS-2021,financial_statement,financial_statement/DOC-FS-2021.pdf,ok,15894
DOC-FS-2022,financial_statement,financial_statement/DOC-FS-2022.pdf,ok,15896
DOC-FS-2023,financial_statement,financial_statement/DOC-FS-2023.pdf,ok,15894
DOC-FS-2024,financial_statement,financial_statement/DOC-FS-2024.pdf,ok,16225
DOC-FS-2025,financial_statement,financial_statement/DOC-FS-2025.pdf,ok,16225
DOC-GLB-2019,general_ledger_book,general_ledger_book/DOC-GLB-2019.pdf,ok,143730
DOC-GLB-2020,general_ledger_book,general_ledger_book/DOC-GLB-2020.pdf,ok,234323
DOC-GLB-2021,general_ledger_book,general_ledger_book/DOC-GLB-2021.pdf,ok,319587
DOC-GLB-2022,general_ledger_book,general_ledger_book/DOC-GLB-2022.pdf,ok,383535
DOC-GLB-2023,general_ledger_book,general_ledger_book/DOC-GLB-2023.pdf,ok,287613
DOC-GLB-2024,general_ledger_book,general_ledger_book/DOC-GLB-2024.pdf,ok,276955
DOC-GLB-2025,general_ledger_book,general_ledger_book/DOC-GLB-2025.pdf,ok,324916
DOC-GLB-2026,general_ledger_book,general_ledger_book/DOC-GLB-2026.pdf,ok,47807
DOC-PCERT-006,personnel_certificate,personnel_certificate/DOC-PCERT-006.pdf,ok,5430
DOC-PCERT-007,personnel_certificate,personnel_certificate/DOC-PCERT-007.pdf,ok,5430
DOC-PCERT-008,personnel_certificate,personnel_certificate/DOC-PCERT-008.pdf,ok,5430
DOC-PCERT-009,personnel_certificate,personnel_certificate/DOC-PCERT-009.pdf,ok,5286
DOC-PCERT-010,personnel_certificate,personnel_certificate/DOC-PCERT-010.pdf,ok,5430
DOC-PCERT-011,personnel_certificate,personnel_certificate/DOC-PCERT-011.pdf,ok,5430
DOC-PCERT-012,personnel_certificate,personnel_certificate/DOC-PCERT-012.pdf,ok,5286
DOC-PCERT-013,personnel_certificate,personnel_certificate/DOC-PCERT-013.pdf,ok,5430
DOC-PCERT-014,personnel_certificate,personnel_certificate/DOC-PCERT-014.pdf,ok,5286
DOC-PCERT-015,personnel_certificate,personnel_certificate/DOC-PCERT-015.pdf,ok,5286
DOC-PCERT-016,personnel_certificate,personnel_certificate/DOC-PCERT-016.pdf,ok,5430
DOC-PCERT-017,personnel_certificate,personnel_certificate/DOC-PCERT-017.pdf,ok,5430
DOC-PCERT-018,personnel_certificate,personnel_certificate/DOC-PCERT-018.pdf,ok,5286
DOC-PCERT-019,personnel_certificate,personnel_certificate/DOC-PCERT-019.pdf,ok,5286
DOC-PCERT-020,personnel_certificate,personnel_certificate/DOC-PCERT-020.pdf,ok,5430
DOC-PCERT-021,personnel_certificate,personnel_certificate/DOC-PCERT-021.pdf,ok,5430
DOC-PCERT-022,personnel_certificate,personnel_certificate/DOC-PCERT-022.pdf,ok,5286
DOC-PCERT-023,personnel_certificate,personnel_certificate/DOC-PCERT-023.pdf,ok,5286
DOC-PCERT-024,personnel_certificate,personnel_certificate/DOC-PCERT-024.pdf,ok,5430
DOC-PCERT-025,personnel_certificate,personnel_certificate/DOC-PCERT-025.pdf,ok,5286
DOC-PCERT-026,personnel_certificate,personnel_certificate/DOC-PCERT-026.pdf,ok,5430
DOC-PCERT-027,personnel_certificate,personnel_certificate/DOC-PCERT-027.pdf,ok,5430
DOC-PCERT-028,personnel_certificate,personnel_certificate/DOC-PCERT-028.pdf,ok,5430
DOC-PCERT-029,personnel_certificate,personnel_certificate/DOC-PCERT-029.pdf,ok,5430
DOC-PCERT-030,personnel_certificate,personnel_certificate/DOC-PCERT-030.pdf,ok,5286
DOC-PCERT-031,personnel_certificate,personnel_certificate/DOC-PCERT-031.pdf,ok,5430
DOC-PCERT-032,personnel_certificate,personnel_certificate/DOC-PCERT-032.pdf,ok,5286
DOC-PCERT-033,personnel_certificate,personnel_certificate/DOC-PCERT-033.pdf,ok,5286
DOC-PCERT-034,personnel_certificate,personnel_certificate/DOC-PCERT-034.pdf,ok,5286
DOC-PCERT-035,personnel_certificate,personnel_certificate/DOC-PCERT-035.pdf,ok,5286
DOC-PCERT-036,personnel_certificate,personnel_certificate/DOC-PCERT-036.pdf,ok,5430
DOC-PCERT-037,personnel_certificate,personnel_certificate/DOC-PCERT-037.pdf,ok,5430
DOC-PCERT-038,personnel_certificate,personnel_certificate/DOC-PCERT-038.pdf,ok,5286
DOC-PCERT-039,personnel_certificate,personnel_certificate/DOC-PCERT-039.pdf,ok,5430
DOC-PCERT-040,personnel_certificate,personnel_certificate/DOC-PCERT-040.pdf,ok,5430
DOC-PCERT-041,personnel_certificate,personnel_certificate/DOC-PCERT-041.pdf,ok,5286
DOC-PCERT-042,personnel_certificate,personnel_certificate/DOC-PCERT-042.pdf,ok,5430
DOC-PCERT-043,personnel_certificate,personnel_certificate/DOC-PCERT-043.pdf,ok,5430
DOC-PCERT-044,personnel_certificate,personnel_certificate/DOC-PCERT-044.pdf,ok,5430
DOC-PCERT-156,personnel_certificate,personnel_certificate/DOC-PCERT-156.pdf,ok,5372
DOC-PCERT-157,personnel_certificate,personnel_certificate/DOC-PCERT-157.pdf,ok,5269
DOC-PCERT-158,personnel_certificate,personnel_certificate/DOC-PCERT-158.pdf,ok,5372
DOC-PCERT-159,personnel_certificate,personnel_certificate/DOC-PCERT-159.pdf,ok,5269
DOC-PCERT-160,personnel_certificate,personnel_certificate/DOC-PCERT-160.pdf,ok,5269
DOC-PCERT-161,personnel_certificate,personnel_certificate/DOC-PCERT-161.pdf,ok,5269
DOC-PCERT-162,personnel_certificate,personnel_certificate/DOC-PCERT-162.pdf,ok,5372
DOC-PCERT-163,personnel_certificate,personnel_certificate/DOC-PCERT-163.pdf,ok,5372
DOC-PCERT-164,personnel_certificate,personnel_certificate/DOC-PCERT-164.pdf,ok,5372
DOC-PPP-001,past_performance_portfolio,past_performance_portfolio/DOC-PPP-001.pdf,ok,341932
DOC-RABILL-00344,ra_bill,ra_bill/DOC-RABILL-00344.pdf,ok,5157
DOC-RABILL-00345,ra_bill,ra_bill/DOC-RABILL-00345.pdf,ok,5157
DOC-RABILL-00424,ra_bill,ra_bill/DOC-RABILL-00424.pdf,ok,5160
DOC-RABILL-00425,ra_bill,ra_bill/DOC-RABILL-00425.pdf,ok,5160
DOC-RABILL-00434,ra_bill,ra_bill/DOC-RABILL-00434.pdf,ok,5157
DOC-RABILL-00435,ra_bill,ra_bill/DOC-RABILL-00435.pdf,ok,5157
DOC-REF-001,reference_letter,reference_letter/DOC-REF-001.pdf,ok,5340
DOC-REF-002,reference_letter,reference_letter/DOC-REF-002.pdf,ok,5312
DOC-REF-003,reference_letter,reference_letter/DOC-REF-003.pdf,ok,5287
DOC-REF-004,reference_letter,reference_letter/DOC-REF-004.pdf,ok,10898
DOC-REF-005,reference_letter,reference_letter/DOC-REF-005.pdf,ok,10813
DOC-REF-006,reference_letter,reference_letter/DOC-REF-006.pdf,ok,10564
DOC-REF-007,reference_letter,reference_letter/DOC-REF-007.pdf,ok,5167
DOC-REF-008,reference_letter,reference_letter/DOC-REF-008.pdf,ok,10907
DOC-REF-009,reference_letter,reference_letter/DOC-REF-009.pdf,ok,5315
DOC-REF-010,reference_letter,reference_letter/DOC-REF-010.pdf,ok,5231
DOC-REF-011,reference_letter,reference_letter/DOC-REF-011.pdf,ok,5304
DOC-REF-012,reference_letter,reference_letter/DOC-REF-012.pdf,ok,5253
DOC-REF-013,reference_letter,reference_letter/DOC-REF-013.pdf,ok,5302
DOC-REF-014,reference_letter,reference_letter/DOC-REF-014.pdf,ok,10834
DOC-REF-015,reference_letter,reference_letter/DOC-REF-015.pdf,ok,5170
DOC-REF-016,reference_letter,reference_letter/DOC-REF-016.pdf,ok,5352
DOC-REF-017,reference_letter,reference_letter/DOC-REF-017.pdf,ok,10911
DOC-REF-018,reference_letter,reference_letter/DOC-REF-018.pdf,ok,10850
DOC-REF-019,reference_letter,reference_letter/DOC-REF-019.pdf,ok,10777
DOC-REF-020,reference_letter,reference_letter/DOC-REF-020.pdf,ok,5170
DOC-REF-021,reference_letter,reference_letter/DOC-REF-021.pdf,ok,5306
DOC-REF-022,reference_letter,reference_letter/DOC-REF-022.pdf,ok,5307
DOC-REF-023,reference_letter,reference_letter/DOC-REF-023.pdf,ok,5347
DOC-REF-024,reference_letter,reference_letter/DOC-REF-024.pdf,ok,5364
DOC-REF-025,reference_letter,reference_letter/DOC-REF-025.pdf,ok,5219
DOC-REF-026,reference_letter,reference_letter/DOC-REF-026.pdf,ok,5319
DOC-REF-027,reference_letter,reference_letter/DOC-REF-027.pdf,ok,5162
DOC-REF-028,reference_letter,reference_letter/DOC-REF-028.pdf,ok,10776
DOC-REF-029,reference_letter,reference_letter/DOC-REF-029.pdf,ok,5307
DOC-REF-030,reference_letter,reference_letter/DOC-REF-030.pdf,ok,5282
DOC-REF-031,reference_letter,reference_letter/DOC-REF-031.pdf,ok,5285
DOC-REF-032,reference_letter,reference_letter/DOC-REF-032.pdf,ok,10879
DOC-REF-033,reference_letter,reference_letter/DOC-REF-033.pdf,ok,5327
DOC-REF-034,reference_letter,reference_letter/DOC-REF-034.pdf,ok,5353
DOC-REF-035,reference_letter,reference_letter/DOC-REF-035.pdf,ok,5289
DOC-REF-036,reference_letter,reference_letter/DOC-REF-036.pdf,ok,5327
DOC-REF-037,reference_letter,reference_letter/DOC-REF-037.pdf,ok,5336
DOC-REF-038,reference_letter,reference_letter/DOC-REF-038.pdf,ok,5308
DOC-REF-039,reference_letter,reference_letter/DOC-REF-039.pdf,ok,10830
DOC-REF-040,reference_letter,reference_letter/DOC-REF-040.pdf,ok,10874
DOC-REF-041,reference_letter,reference_letter/DOC-REF-041.pdf,ok,5311
DOC-REF-042,reference_letter,reference_letter/DOC-REF-042.pdf,ok,10556
DOC-REF-043,reference_letter,reference_letter/DOC-REF-043.pdf,ok,5336
DOC-REF-044,reference_letter,reference_letter/DOC-REF-044.pdf,ok,5174
DOC-REF-045,reference_letter,reference_letter/DOC-REF-045.pdf,ok,5346
DOC-REF-046,reference_letter,reference_letter/DOC-REF-046.pdf,ok,5342
DOC-REF-047,reference_letter,reference_letter/DOC-REF-047.pdf,ok,10881
DOC-REF-048,reference_letter,reference_letter/DOC-REF-048.pdf,ok,10895
DOC-REF-049,reference_letter,reference_letter/DOC-REF-049.pdf,ok,10969
DOC-REF-050,reference_letter,reference_letter/DOC-REF-050.pdf,ok,10894
DOC-REF-051,reference_letter,reference_letter/DOC-REF-051.pdf,ok,10973
DOC-REF-052,reference_letter,reference_letter/DOC-REF-052.pdf,ok,5286
DOC-REF-053,reference_letter,reference_letter/DOC-REF-053.pdf,ok,5285
DOC-REF-054,reference_letter,reference_letter/DOC-REF-054.pdf,ok,5378
DOC-REF-055,reference_letter,reference_letter/DOC-REF-055.pdf,ok,5294
DOC-REF-056,reference_letter,reference_letter/DOC-REF-056.pdf,ok,10892
DOC-REF-057,reference_letter,reference_letter/DOC-REF-057.pdf,ok,10865
DOC-REF-058,reference_letter,reference_letter/DOC-REF-058.pdf,ok,5349
DOC-REF-059,reference_letter,reference_letter/DOC-REF-059.pdf,ok,5304
DOC-REF-060,reference_letter,reference_letter/DOC-REF-060.pdf,ok,5327
DOC-REF-061,reference_letter,reference_letter/DOC-REF-061.pdf,ok,10710
DOC-REF-062,reference_letter,reference_letter/DOC-REF-062.pdf,ok,10863
DOC-REF-063,reference_letter,reference_letter/DOC-REF-063.pdf,ok,5268
DOC-REF-064,reference_letter,reference_letter/DOC-REF-064.pdf,ok,5199
DOC-REF-065,reference_letter,reference_letter/DOC-REF-065.pdf,ok,5342
DOC-REF-066,reference_letter,reference_letter/DOC-REF-066.pdf,ok,5310
DOC-REF-067,reference_letter,reference_letter/DOC-REF-067.pdf,ok,5196
DOC-REF-068,reference_letter,reference_letter/DOC-REF-068.pdf,ok,10833
DOC-REF-069,reference_letter,reference_letter/DOC-REF-069.pdf,ok,5297
DOC-REF-070,reference_letter,reference_letter/DOC-REF-070.pdf,ok,5315
DOC-REF-071,reference_letter,reference_letter/DOC-REF-071.pdf,ok,5349
DOC-REF-072,reference_letter,reference_letter/DOC-REF-072.pdf,ok,5309
DOC-REF-073,reference_letter,reference_letter/DOC-REF-073.pdf,ok,5308
DOC-REF-074,reference_letter,reference_letter/DOC-REF-074.pdf,ok,5355
DOC-REF-075,reference_letter,reference_letter/DOC-REF-075.pdf,ok,5304
DOC-REF-076,reference_letter,reference_letter/DOC-REF-076.pdf,ok,5307
DOC-REF-077,reference_letter,reference_letter/DOC-REF-077.pdf,ok,5291
DOC-REF-078,reference_letter,reference_letter/DOC-REF-078.pdf,ok,5348
DOC-REF-079,reference_letter,reference_letter/DOC-REF-079.pdf,ok,5304
DOC-REF-080,reference_letter,reference_letter/DOC-REF-080.pdf,ok,10978
DOC-REF-081,reference_letter,reference_letter/DOC-REF-081.pdf,ok,5340
DOC-REF-082,reference_letter,reference_letter/DOC-REF-082.pdf,ok,5330
DOC-REF-083,reference_letter,reference_letter/DOC-REF-083.pdf,ok,5333
DOC-REF-084,reference_letter,reference_letter/DOC-REF-084.pdf,ok,5307
DOC-REF-085,reference_letter,reference_letter/DOC-REF-085.pdf,ok,10857
DOC-REF-086,reference_letter,reference_letter/DOC-REF-086.pdf,ok,5340
DOC-REF-087,reference_letter,reference_letter/DOC-REF-087.pdf,ok,10848
DOC-REF-088,reference_letter,reference_letter/DOC-REF-088.pdf,ok,5297
DOC-REF-089,reference_letter,reference_letter/DOC-REF-089.pdf,ok,5283
DOC-REF-090,reference_letter,reference_letter/DOC-REF-090.pdf,ok,5328
DOC-REF-091,reference_letter,reference_letter/DOC-REF-091.pdf,ok,10913
DOC-REF-092,reference_letter,reference_letter/DOC-REF-092.pdf,ok,5304
DOC-REF-093,reference_letter,reference_letter/DOC-REF-093.pdf,ok,5218
DOC-REF-094,reference_letter,reference_letter/DOC-REF-094.pdf,ok,10874
DOC-REF-095,reference_letter,reference_letter/DOC-REF-095.pdf,ok,5353
DOC-REF-096,reference_letter,reference_letter/DOC-REF-096.pdf,ok,10836
DOC-REF-097,reference_letter,reference_letter/DOC-REF-097.pdf,ok,5296
DOC-REF-098,reference_letter,reference_letter/DOC-REF-098.pdf,ok,10833
DOC-REF-099,reference_letter,reference_letter/DOC-REF-099.pdf,ok,10817
DOC-REF-100,reference_letter,reference_letter/DOC-REF-100.pdf,ok,10907
DOC-REF-101,reference_letter,reference_letter/DOC-REF-101.pdf,ok,5304
DOC-REF-102,reference_letter,reference_letter/DOC-REF-102.pdf,ok,10559
DOC-REF-103,reference_letter,reference_letter/DOC-REF-103.pdf,ok,10825
DOC-REF-104,reference_letter,reference_letter/DOC-REF-104.pdf,ok,5324
DOC-REF-105,reference_letter,reference_letter/DOC-REF-105.pdf,ok,5340
DOC-REF-106,reference_letter,reference_letter/DOC-REF-106.pdf,ok,10798
DOC-REF-107,reference_letter,reference_letter/DOC-REF-107.pdf,ok,5273
DOC-REF-108,reference_letter,reference_letter/DOC-REF-108.pdf,ok,5315
DOC-REF-109,reference_letter,reference_letter/DOC-REF-109.pdf,ok,10841
DOC-REF-110,reference_letter,reference_letter/DOC-REF-110.pdf,ok,5329
DOC-REF-111,reference_letter,reference_letter/DOC-REF-111.pdf,ok,5313
DOC-REF-112,reference_letter,reference_letter/DOC-REF-112.pdf,ok,5302
DOC-REF-113,reference_letter,reference_letter/DOC-REF-113.pdf,ok,5347
DOC-REF-114,reference_letter,reference_letter/DOC-REF-114.pdf,ok,10813
DOC-REF-115,reference_letter,reference_letter/DOC-REF-115.pdf,ok,10853
DOC-REF-116,reference_letter,reference_letter/DOC-REF-116.pdf,ok,10849
DOC-REF-117,reference_letter,reference_letter/DOC-REF-117.pdf,ok,5342
DOC-REF-118,reference_letter,reference_letter/DOC-REF-118.pdf,ok,5385
DOC-REF-119,reference_letter,reference_letter/DOC-REF-119.pdf,ok,10904
DOC-REF-120,reference_letter,reference_letter/DOC-REF-120.pdf,ok,5286
DOC-REF-121,reference_letter,reference_letter/DOC-REF-121.pdf,ok,10715
DOC-REF-122,reference_letter,reference_letter/DOC-REF-122.pdf,ok,5303
DOC-REF-123,reference_letter,reference_letter/DOC-REF-123.pdf,ok,5340
DOC-REF-124,reference_letter,reference_letter/DOC-REF-124.pdf,ok,10877
DOC-REF-125,reference_letter,reference_letter/DOC-REF-125.pdf,ok,5284
DOC-REF-126,reference_letter,reference_letter/DOC-REF-126.pdf,ok,5354
DOC-REF-127,reference_letter,reference_letter/DOC-REF-127.pdf,ok,10712
DOC-REF-128,reference_letter,reference_letter/DOC-REF-128.pdf,ok,5339
DOC-REF-129,reference_letter,reference_letter/DOC-REF-129.pdf,ok,5343
DOC-REF-130,reference_letter,reference_letter/DOC-REF-130.pdf,ok,5305
DOC-REF-131,reference_letter,reference_letter/DOC-REF-131.pdf,ok,10879
DOC-REF-132,reference_letter,reference_letter/DOC-REF-132.pdf,ok,5229
DOC-XL-AGEING,ageing_workbook,workbooks/Receivables_Ageing.xlsx,skipped_workbook,0
DOC-XL-ASSETS,asset_register_workbook,workbooks/Plant_and_Machinery_Register.xlsx,skipped_workbook,0
DOC-XL-BOQ-071,boq_workbook,workbooks/BOQ_and_Measurements_Contract_71.xlsx,skipped_workbook,0
DOC-XL-BOQ-072,boq_workbook,workbooks/BOQ_and_Measurements_Contract_72.xlsx,skipped_workbook,0
DOC-XL-BOQ-073,boq_workbook,workbooks/BOQ_and_Measurements_Contract_73.xlsx,skipped_workbook,0
DOC-XL-BOQ-074,boq_workbook,workbooks/BOQ_and_Measurements_Contract_74.xlsx,skipped_workbook,0
DOC-XL-BOQ-075,boq_workbook,workbooks/BOQ_and_Measurements_Contract_75.xlsx,skipped_workbook,0
DOC-XL-BOQ-079,boq_workbook,workbooks/BOQ_and_Measurements_Contract_79.xlsx,skipped_workbook,0
DOC-XL-TB,trial_balance_workbook,workbooks/Trial_Balance_by_Year.xlsx,skipped_workbook,0
