question_id,answer
HV-IC-0001,1
HV-IC-0002,1957800000
HV-IC-0003,0.0
HV-IC-0006,1944300000
HV-IC-0009,85.71
HV-IC-0010,66.67
HV-IC-0014,200000000
HV-IC-0017,326933333
HV-IC-0018,1150300000
HV-IC-0020,2
HV-IC-0021,14622
HV-IC-0023,3698700000
HV-IC-0024,160
HV-IC-0025,24850000
HV-IC-0026,1028500000
HV-IC-0027,4068100000
HV-IC-0028,2942400000
HV-IC-0030,0
HV-IC-0031,1267
HV-IC-0032,1585300000
HV-IC-0033,0
HV-IC-0036,1232600000
HV-IC-0037,84.21
HV-IC-0038,1
HV-IC-0039,507900000
HV-IC-0040,450694737
HV-IC-0041,-171300000
HV-IC-0043,-688500000
HV-IC-0044,954600000
HV-IC-0045,710
HV-IC-0046,658300000
HV-IC-0048,128700000
HV-IC-0049,1424100000
HV-IC-0050,8563200000
HV-IC-0051,-1591200000
HV-IC-0053,50.0
HV-IC-0054,8563200000
HV-IC-0055,-3296200000
HV-IC-0056,2942400000
HV-IC-0059,676
HV-IC-0061,3698700000
HV-IC-0063,2
HV-IC-0071,471500000
HV-IC-0072,260188889
HV-IC-0073,85.71
HV-IC-0074,2
HV-IC-0076,1449
HV-IC-0080,1
HV-IC-0081,430100000
HV-IC-0082,207675000
HV-IC-0085,1458300000
HV-IC-0086,410966667
HV-IC-0088,450694737
HV-IC-0090,1
HV-IC-0091,2
HV-IC-0092,1667500000
HV-IC-0093,277757143
HV-IC-0095,2942400000
HV-IC-0096,207675000
HV-IC-0097,88.89
HV-IC-0098,3698700000
HV-IC-0099,1
HV-IC-0100,326933333
HV-IC-0104,4098100000
HV-IC-0105,7548200000
HV-IC-0110,75.0
HV-IC-0111,2219900000
HV-IC-0112,-1661400000
HV-IC-0114,2
HV-IC-0115,611100000
HV-IC-0118,28410000
HV-IC-0119,326300000
HV-IC-0120,8563200000
HV-IC-0121,-2219900000
HV-IC-0122,-2942400000
HV-IC-0123,5
HV-IC-0124,3849600000
HV-IC-0125,2303100000
HV-IC-0127,0
HV-IC-0129,3296200000
HV-IC-0130,3698700000
HV-IC-0131,592700000
HV-IC-0134,450694737
HV-IC-0135,3296200000
HV-IC-0136,86
HV-IC-0138,1957800000
HV-IC-0139,100.0
HV-IC-0140,3296200000
HV-IC-0144,1388
HV-IC-0146,66.67
HV-IC-0148,2000000000
HV-IC-0149,1366300000
HV-IC-0151,769000000
HV-IC-0153,3
HV-IC-0155,24850000
HV-IC-0156,6613400000
HV-IC-0158,1589
HV-IC-0159,4563200000
HV-IC-0161,801
HV-IC-0162,1
HV-IC-0163,84.21
HV-IC-0164,3
HV-IC-0167,0
HV-IC-0172,-2942400000
HV-IC-0175,4
HV-IC-0176,2097600000
HV-IC-0177,58690000
HV-IC-0178,0
HV-IC-0180,88.89
HV-IC-0181,5
HV-IC-0183,12846
HV-IC-0184,783183333
HV-IC-0185,1667500000
HV-IC-0186,201600000
HV-IC-0188,260188889
HV-IC-0189,62.5
HV-IC-0191,3698700000
HV-IC-0192,2942400000
HV-IC-0193,277757143
HV-IC-0194,3296200000
HV-IC-0195,75.0
HV-IC-0196,683600000
HV-IC-0197,-653500000
HV-IC-0198,-2219900000
HV-IC-0200,365
HV-IC-0202,1621500000
HV-IC-0206,2
HV-IC-0207,1083300000
HV-IC-0209,3
HV-IC-0211,1464800000
HV-IC-0212,-4098100000
HV-IC-0214,88.89
HV-IC-0215,3698700000
HV-IC-0216,831800000
HV-IC-0217,1067200000
HV-IC-0220,1077300000
HV-IC-0222,326300000
HV-IC-0223,8563200000
HV-IC-0224,0
HV-IC-0225,6
HV-IC-0226,1732800000
HV-IC-0227,1613800000
HV-IC-0228,14622
HV-IC-0229,1
HV-IC-0232,-1366300000
HV-IC-0233,3296200000
HV-IC-0234,217833333
HV-IC-0235,2262700000
HV-IC-0236,-1833300000
HV-IC-0240,1
HV-IC-0242,8563200000
HV-IC-0243,2219900000
HV-IC-0244,2910
HV-IC-0248,2008200000
HV-IC-0249,146480000
HV-IC-0253,83.33
HV-IC-0255,645300000
HV-IC-0256,71.43
HV-IC-0258,2997300000
HV-IC-0259,585442857
HV-IC-0260,8563200000
HV-IC-0263,3
HV-IC-0264,1738500000
HV-IC-0266,-1833300000
HV-IC-0268,416875000
HV-IC-0269,-4098100000
HV-IC-0270,410800000
HV-IC-0271,450694737
HV-IC-0273,2942400000
HV-IC-0276,0
HV-IC-0278,0
HV-IC-0279,0
HV-IC-0280,1661400000
HV-IC-0282,14622
HV-IC-0284,-2148600000
HV-IC-0285,2341700000
HV-IC-0286,1667500000
HV-IC-0287,-4098100000
HV-IC-0289,4826
HV-IC-0290,1503
HV-IC-0291,2
HV-IC-0292,2730900000
HV-IC-0293,-1366300000
HV-IC-0294,-4098100000
HV-IC-0295,-4699100000
HV-IC-0296,29900000
HV-IC-0297,0
HV-IC-0299,2629400000
HV-IC-0300,3163100000
HV-IC-0301,2341700000
HV-IC-0302,1366300000
HV-IC-0304,450694737
HV-IC-0305,296300000
HV-IC-0306,2341700000
HV-IC-0310,0
HV-IC-0311,0
HV-IC-0312,77
HV-IC-0313,-1591200000
HV-IC-0314,71.43
HV-IC-0315,1833300000
HV-IC-0316,-1667500000
HV-IC-0318,1134
HV-IC-0319,1831600000
HV-IC-0322,2942400000
HV-IC-0323,1219500000
HV-IC-0324,1308
HV-IC-0326,-653500000
HV-IC-0327,21486297
HV-IC-0328,1522500000
HV-IC-0329,274683333
HV-IC-0330,-4699100000
HV-IC-0331,71.43
HV-IC-0332,-3698700000
HV-IC-0333,0
HV-IC-0334,0
HV-IC-0335,0
HV-IC-0336,100.0
HV-IC-0337,389000000
HV-IC-0338,-1661400000
HV-IC-0339,110
HV-IC-0340,157166667
HV-IC-0342,450694737
HV-IC-0343,3
HV-IC-0344,-1167000000
HV-IC-0346,62.5
HV-IC-0347,66.67
HV-IC-0348,714500000
HV-IC-0349,450694737
HV-IC-0350,84.21
HV-IC-0351,898500000
HV-IC-0352,84.21
HV-IC-0356,4699100000
HV-IC-0357,157300000
HV-IC-0361,85.71
HV-IC-0362,3698700000
HV-IC-0368,1339
HV-IC-0371,1661400000
HV-IC-0373,66.67
HV-IC-0374,410966667
HV-IC-0376,1640400000
HV-IC-0377,1957800000
HV-IC-0380,5
HV-IC-0381,2219900000
HV-IC-0382,1944300000
HV-IC-0385,66.67
HV-IC-0386,7548200000
HV-IC-0387,1680
HV-IC-0389,84.21
HV-IC-0390,1944300000
HV-IC-0391,171300000
HV-IC-0392,88.89
HV-IC-0393,88.89
HV-IC-0394,50.0
HV-IC-0395,66.67
HV-IC-0396,2219900000
HV-IC-0397,953200000
HV-IC-0398,243100000
HV-IC-0399,1702800000
HV-IC-0400,16400000
HV-IC-0401,100.0
HV-IC-0402,4699100000
HV-IC-0403,157300000
HV-IC-0404,100.0
HV-IC-0405,0
HV-IC-0406,1613800000
HV-IC-0407,243100000
HV-IC-0408,0.0
HV-IC-0409,3296200000
HV-IC-0410,50.0
HV-IC-0411,8563200000
HV-IC-0412,0
HV-IC-0413,268000000
HV-IC-0414,2008200000
HV-IC-0415,84.21
HV-IC-0416,2341700000
HV-IC-0417,156900000
HV-IC-0418,-3698700000
HV-IC-0419,241866666
HV-IC-0420,3296200000
HV-IC-0421,-2341700000
HV-IC-0422,88.89
HV-IC-0423,3296200000
HV-IC-0424,1833300000
HV-IC-0425,2942400000
HV-IC-0426,3698700000
HV-IC-0427,2942400000
HV-IC-0428,75.0
HV-IC-0429,-4699100000
HV-IC-0430,8563200000
HV-IC-0431,14648215
HV-IC-0432,3296200000
HV-IC-0434,75.0
HV-IC-0435,8563200000
HV-IC-0436,-2219900000
HV-IC-0437,-3698700000
HV-IC-0438,260900000
HV-IC-0439,2942400000
HV-IC-0440,18246
HV-IC-0441,653500000
HV-IC-0442,3296200000
HV-IC-0443,88.89
HV-IC-0444,471500000
HV-IC-0445,2942400000
HV-IC-0447,1661400000
HV-IC-0448,-2008200000
HV-IC-0449,200000000
HV-IC-0450,4563200000
HV-IC-0451,3698700000
HV-IC-0452,2148600000
HV-IC-0453,1665900000
HV-IC-0454,20400000
HV-IC-0455,2341700000
HV-IC-0456,2341700000
HV-IC-0457,4699100000
HV-IC-0459,14622000
HV-IC-0460,8563200000
HV-IC-0461,75.0
HV-IC-0462,4699100000
HV-IC-0463,88.89
HV-IC-0464,126
HV-IC-0465,4699100000
HV-IC-0466,1366300000
HV-IC-0467,2008200000
HV-IC-0468,478000000
HV-IC-0469,41450000
HV-IC-0470,688500000
HV-IC-0471,3296200000
HV-IC-0472,2341700000
HV-IC-0473,3296200000
HV-IC-0474,3698700000
HV-IC-0475,21468
HV-IC-0476,2000000000
HV-IC-0477,2341700000
