doc_id,doc_type,filename,total_pages,native_pages,image_pages,classification,error
DOC-AR-2024,annual_report,annual_report/DOC-AR-2024.pdf,18,18,0,native,
DOC-AR-2025,annual_report,annual_report/DOC-AR-2025.pdf,18,18,0,native,
DOC-BANK-2019,bank_statement,bank_statement/DOC-BANK-2019.pdf,2,2,0,native,
DOC-BANK-2020,bank_statement,bank_statement/DOC-BANK-2020.pdf,4,4,0,native,
DOC-BANK-2021,bank_statement,bank_statement/DOC-BANK-2021.pdf,5,5,0,native,
DOC-BANK-2022,bank_statement,bank_statement/DOC-BANK-2022.pdf,7,7,0,native,
DOC-BANK-2023,bank_statement,bank_statement/DOC-BANK-2023.pdf,5,5,0,native,
DOC-BANK-2024,bank_statement,bank_statement/DOC-BANK-2024.pdf,5,5,0,native,
DOC-BANK-2025,bank_statement,bank_statement/DOC-BANK-2025.pdf,6,6,0,native,
DOC-BANK-2026,bank_statement,bank_statement/DOC-BANK-2026.pdf,2,2,0,native,
DOC-BOND-00005,performance_bond,performance_bond/DOC-BOND-00005.pdf,3,3,0,native,
DOC-BOND-00006,performance_bond,performance_bond/DOC-BOND-00006.pdf,1,1,0,native,
DOC-BOND-00010,performance_bond,performance_bond/DOC-BOND-00010.pdf,3,3,0,native,
DOC-BOND-00016,performance_bond,performance_bond/DOC-BOND-00016.pdf,1,1,0,native,
DOC-BOND-00024,performance_bond,performance_bond/DOC-BOND-00024.pdf,1,1,0,native,
DOC-BOND-00025,performance_bond,performance_bond/DOC-BOND-00025.pdf,3,3,0,native,
DOC-BOND-00030,performance_bond,performance_bond/DOC-BOND-00030.pdf,3,3,0,native,
DOC-BOND-00032,performance_bond,performance_bond/DOC-BOND-00032.pdf,3,3,0,native,
DOC-BOND-00036,performance_bond,performance_bond/DOC-BOND-00036.pdf,1,1,0,native,
DOC-BOND-00040,performance_bond,performance_bond/DOC-BOND-00040.pdf,1,1,0,native,
DOC-BOND-00044,performance_bond,performance_bond/DOC-BOND-00044.pdf,3,3,0,native,
DOC-BOND-00045,performance_bond,performance_bond/DOC-BOND-00045.pdf,1,1,0,native,
DOC-BOND-00046,performance_bond,performance_bond/DOC-BOND-00046.pdf,1,1,0,native,
DOC-BOND-00047,performance_bond,performance_bond/DOC-BOND-00047.pdf,1,1,0,native,
DOC-BOND-00059,performance_bond,performance_bond/DOC-BOND-00059.pdf,3,3,0,native,
DOC-BOND-00063,performance_bond,performance_bond/DOC-BOND-00063.pdf,1,1,0,native,
DOC-BOND-00064,performance_bond,performance_bond/DOC-BOND-00064.pdf,3,3,0,native,
DOC-BOND-00065,performance_bond,performance_bond/DOC-BOND-00065.pdf,3,3,0,native,
DOC-BOND-00066,performance_bond,performance_bond/DOC-BOND-00066.pdf,3,3,0,native,
DOC-BOND-00067,performance_bond,performance_bond/DOC-BOND-00067.pdf,1,1,0,native,
DOC-BOND-00071,performance_bond,performance_bond/DOC-BOND-00071.pdf,3,3,0,native,
DOC-BOND-00077,performance_bond,performance_bond/DOC-BOND-00077.pdf,1,1,0,native,
DOC-BOND-00082,performance_bond,performance_bond/DOC-BOND-00082.pdf,3,3,0,native,
DOC-BOND-00085,performance_bond,performance_bond/DOC-BOND-00085.pdf,1,1,0,native,
DOC-BOND-00087,performance_bond,performance_bond/DOC-BOND-00087.pdf,1,1,0,native,
DOC-BOND-00091,performance_bond,performance_bond/DOC-BOND-00091.pdf,1,1,0,native,
DOC-BOND-00095,performance_bond,performance_bond/DOC-BOND-00095.pdf,3,3,0,native,
DOC-BOND-00101,performance_bond,performance_bond/DOC-BOND-00101.pdf,1,1,0,native,
DOC-BOND-00105,performance_bond,performance_bond/DOC-BOND-00105.pdf,1,1,0,native,
DOC-BOND-00117,performance_bond,performance_bond/DOC-BOND-00117.pdf,3,3,0,native,
DOC-BOND-00119,performance_bond,performance_bond/DOC-BOND-00119.pdf,3,3,0,native,
DOC-BOND-00120,performance_bond,performance_bond/DOC-BOND-00120.pdf,1,1,0,native,
DOC-BOND-00128,performance_bond,performance_bond/DOC-BOND-00128.pdf,1,1,0,native,
DOC-BOND-00132,performance_bond,performance_bond/DOC-BOND-00132.pdf,1,1,0,native,
DOC-BOND-00136,performance_bond,performance_bond/DOC-BOND-00136.pdf,1,1,0,native,
DOC-BOND-00143,performance_bond,performance_bond/DOC-BOND-00143.pdf,1,1,0,native,
DOC-BOND-00150,performance_bond,performance_bond/DOC-BOND-00150.pdf,3,3,0,native,
DOC-BOND-00160,performance_bond,performance_bond/DOC-BOND-00160.pdf,1,1,0,native,
DOC-BOND-00170,performance_bond,performance_bond/DOC-BOND-00170.pdf,3,3,0,native,
DOC-BOND-00171,performance_bond,performance_bond/DOC-BOND-00171.pdf,3,3,0,native,
DOC-BOND-00174,performance_bond,performance_bond/DOC-BOND-00174.pdf,1,1,0,native,
DOC-BOND-00181,performance_bond,performance_bond/DOC-BOND-00181.pdf,1,1,0,native,
DOC-BOND-00184,performance_bond,performance_bond/DOC-BOND-00184.pdf,3,3,0,native,
DOC-BOND-00189,performance_bond,performance_bond/DOC-BOND-00189.pdf,1,1,0,native,
DOC-BOND-00190,performance_bond,performance_bond/DOC-BOND-00190.pdf,3,3,0,native,
DOC-BOND-00192,performance_bond,performance_bond/DOC-BOND-00192.pdf,3,3,0,native,
DOC-BOND-00202,performance_bond,performance_bond/DOC-BOND-00202.pdf,1,1,0,native,
DOC-BOND-00208,performance_bond,performance_bond/DOC-BOND-00208.pdf,3,3,0,native,
DOC-BOND-00211,performance_bond,performance_bond/DOC-BOND-00211.pdf,1,1,0,native,
DOC-BOND-00212,performance_bond,performance_bond/DOC-BOND-00212.pdf,1,1,0,native,
DOC-BOND-00214,performance_bond,performance_bond/DOC-BOND-00214.pdf,3,3,0,native,
DOC-BOND-00216,performance_bond,performance_bond/DOC-BOND-00216.pdf,3,3,0,native,
DOC-BOND-00217,performance_bond,performance_bond/DOC-BOND-00217.pdf,3,3,0,native,
DOC-BOND-00219,performance_bond,performance_bond/DOC-BOND-00219.pdf,1,1,0,native,
DOC-BOND-00220,performance_bond,performance_bond/DOC-BOND-00220.pdf,3,3,0,native,
DOC-BOND-00225,performance_bond,performance_bond/DOC-BOND-00225.pdf,3,3,0,native,
DOC-BOND-00231,performance_bond,performance_bond/DOC-BOND-00231.pdf,1,1,0,native,
DOC-BOND-00235,performance_bond,performance_bond/DOC-BOND-00235.pdf,1,1,0,native,
DOC-BOND-00236,performance_bond,performance_bond/DOC-BOND-00236.pdf,1,1,0,native,
DOC-BOND-00238,performance_bond,performance_bond/DOC-BOND-00238.pdf,3,3,0,native,
DOC-CC-001,completion_certificate,completion_certificate/DOC-CC-001.pdf,3,2,1,mixed,
DOC-CC-002,completion_certificate,completion_certificate/DOC-CC-002.pdf,1,1,0,native,
DOC-CC-003,completion_certificate,completion_certificate/DOC-CC-003.pdf,3,2,1,mixed,
DOC-CC-004,completion_certificate,completion_certificate/DOC-CC-004.pdf,3,2,1,mixed,
DOC-CC-005,completion_certificate,completion_certificate/DOC-CC-005.pdf,1,1,0,native,
DOC-CC-006,completion_certificate,completion_certificate/DOC-CC-006.pdf,1,1,0,native,
DOC-CC-007,completion_certificate,completion_certificate/DOC-CC-007.pdf,1,1,0,native,
DOC-CC-008,completion_certificate,completion_certificate/DOC-CC-008.pdf,1,1,0,native,
DOC-CC-009,completion_certificate,completion_certificate/DOC-CC-009.pdf,1,1,0,native,
DOC-CC-010,completion_certificate,completion_certificate/DOC-CC-010.pdf,1,1,0,native,
DOC-CC-011,completion_certificate,completion_certificate/DOC-CC-011.pdf,1,1,0,native,
DOC-CC-012,completion_certificate,completion_certificate/DOC-CC-012.pdf,1,1,0,native,
DOC-CC-013,completion_certificate,completion_certificate/DOC-CC-013.pdf,1,1,0,native,
DOC-CC-014,completion_certificate,completion_certificate/DOC-CC-014.pdf,2,2,0,native,
DOC-CC-015,completion_certificate,completion_certificate/DOC-CC-015.pdf,1,1,0,native,
DOC-CC-016,completion_certificate,completion_certificate/DOC-CC-016.pdf,1,1,0,native,
DOC-CC-017,completion_certificate,completion_certificate/DOC-CC-017.pdf,1,1,0,native,
DOC-CC-018,completion_certificate,completion_certificate/DOC-CC-018.pdf,1,1,0,native,
DOC-CC-019,completion_certificate,completion_certificate/DOC-CC-019.pdf,1,1,0,native,
DOC-CC-020,completion_certificate,completion_certificate/DOC-CC-020.pdf,3,2,1,mixed,
DOC-CC-021,completion_certificate,completion_certificate/DOC-CC-021.pdf,1,1,0,native,
DOC-CC-022,completion_certificate,completion_certificate/DOC-CC-022.pdf,3,2,1,mixed,
DOC-CC-023,completion_certificate,completion_certificate/DOC-CC-023.pdf,3,2,1,mixed,
DOC-CC-024,completion_certificate,completion_certificate/DOC-CC-024.pdf,3,2,1,mixed,
DOC-CC-025,completion_certificate,completion_certificate/DOC-CC-025.pdf,3,2,1,mixed,
DOC-CC-026,completion_certificate,completion_certificate/DOC-CC-026.pdf,2,2,0,native,
DOC-CC-027,completion_certificate,completion_certificate/DOC-CC-027.pdf,2,2,0,native,
DOC-CC-028,completion_certificate,completion_certificate/DOC-CC-028.pdf,1,1,0,native,
DOC-CC-029,completion_certificate,completion_certificate/DOC-CC-029.pdf,2,2,0,native,
DOC-CC-030,completion_certificate,completion_certificate/DOC-CC-030.pdf,1,1,0,native,
DOC-CC-031,completion_certificate,completion_certificate/DOC-CC-031.pdf,3,2,1,mixed,
DOC-CC-032,completion_certificate,completion_certificate/DOC-CC-032.pdf,1,1,0,native,
DOC-CC-033,completion_certificate,completion_certificate/DOC-CC-033.pdf,3,2,1,mixed,
DOC-CC-034,completion_certificate,completion_certificate/DOC-CC-034.pdf,1,1,0,native,
DOC-CC-035,completion_certificate,completion_certificate/DOC-CC-035.pdf,2,2,0,native,
DOC-CC-036,completion_certificate,completion_certificate/DOC-CC-036.pdf,3,2,1,mixed,
DOC-CC-037,completion_certificate,completion_certificate/DOC-CC-037.pdf,1,1,0,native,
DOC-CC-038,completion_certificate,completion_certificate/DOC-CC-038.pdf,3,2,1,mixed,
DOC-CC-039,completion_certificate,completion_certificate/DOC-CC-039.pdf,3,2,1,mixed,
DOC-CC-040,completion_certificate,completion_certificate/DOC-CC-040.pdf,2,2,0,native,
DOC-CC-041,completion_certificate,completion_certificate/DOC-CC-041.pdf,2,2,0,native,
DOC-CC-042,completion_certificate,completion_certificate/DOC-CC-042.pdf,3,2,1,mixed,
DOC-CC-043,completion_certificate,completion_certificate/DOC-CC-043.pdf,1,1,0,native,
DOC-CC-044,completion_certificate,completion_certificate/DOC-CC-044.pdf,1,1,0,native,
DOC-CC-045,completion_certificate,completion_certificate/DOC-CC-045.pdf,2,2,0,native,
DOC-CC-046,completion_certificate,completion_certificate/DOC-CC-046.pdf,3,2,1,mixed,
DOC-CC-047,completion_certificate,completion_certificate/DOC-CC-047.pdf,1,1,0,native,
DOC-CC-048,completion_certificate,completion_certificate/DOC-CC-048.pdf,1,1,0,native,
DOC-CC-049,completion_certificate,completion_certificate/DOC-CC-049.pdf,1,1,0,native,
DOC-CC-050,completion_certificate,completion_certificate/DOC-CC-050.pdf,3,2,1,mixed,
DOC-CC-051,completion_certificate,completion_certificate/DOC-CC-051.pdf,3,2,1,mixed,
DOC-CC-052,completion_certificate,completion_certificate/DOC-CC-052.pdf,3,2,1,mixed,
DOC-CC-053,completion_certificate,completion_certificate/DOC-CC-053.pdf,1,1,0,native,
DOC-CC-054,completion_certificate,completion_certificate/DOC-CC-054.pdf,1,1,0,native,
DOC-CC-055,completion_certificate,completion_certificate/DOC-CC-055.pdf,3,2,1,mixed,
DOC-CC-056,completion_certificate,completion_certificate/DOC-CC-056.pdf,2,2,0,native,
DOC-CC-057,completion_certificate,completion_certificate/DOC-CC-057.pdf,3,2,1,mixed,
DOC-CC-058,completion_certificate,completion_certificate/DOC-CC-058.pdf,2,2,0,native,
DOC-CC-059,completion_certificate,completion_certificate/DOC-CC-059.pdf,2,2,0,native,
DOC-CC-060,completion_certificate,completion_certificate/DOC-CC-060.pdf,3,2,1,mixed,
DOC-CC-061,completion_certificate,completion_certificate/DOC-CC-061.pdf,2,2,0,native,
DOC-CC-062,completion_certificate,completion_certificate/DOC-CC-062.pdf,1,1,0,native,
DOC-CC-063,completion_certificate,completion_certificate/DOC-CC-063.pdf,2,2,0,native,
DOC-CC-064,completion_certificate,completion_certificate/DOC-CC-064.pdf,3,2,1,mixed,
DOC-CC-065,completion_certificate,completion_certificate/DOC-CC-065.pdf,1,1,0,native,
DOC-CC-066,completion_certificate,completion_certificate/DOC-CC-066.pdf,1,1,0,native,
DOC-CC-067,completion_certificate,completion_certificate/DOC-CC-067.pdf,3,2,1,mixed,
DOC-CC-068,completion_certificate,completion_certificate/DOC-CC-068.pdf,1,1,0,native,
DOC-CC-069,completion_certificate,completion_certificate/DOC-CC-069.pdf,3,3,0,native,
DOC-CC-070,completion_certificate,completion_certificate/DOC-CC-070.pdf,3,2,1,mixed,
DOC-CC-071,completion_certificate,completion_certificate/DOC-CC-071.pdf,3,2,1,mixed,
DOC-CC-072,completion_certificate,completion_certificate/DOC-CC-072.pdf,3,2,1,mixed,
DOC-CC-073,completion_certificate,completion_certificate/DOC-CC-073.pdf,1,1,0,native,
DOC-CC-074,completion_certificate,completion_certificate/DOC-CC-074.pdf,3,2,1,mixed,
DOC-CC-075,completion_certificate,completion_certificate/DOC-CC-075.pdf,3,2,1,mixed,
DOC-CC-076,completion_certificate,completion_certificate/DOC-CC-076.pdf,3,3,0,native,
DOC-CC-077,completion_certificate,completion_certificate/DOC-CC-077.pdf,2,2,0,native,
DOC-CC-078,completion_certificate,completion_certificate/DOC-CC-078.pdf,1,1,0,native,
DOC-CC-079,completion_certificate,completion_certificate/DOC-CC-079.pdf,1,1,0,native,
DOC-CC-080,completion_certificate,completion_certificate/DOC-CC-080.pdf,1,1,0,native,
DOC-CC-081,completion_certificate,completion_certificate/DOC-CC-081.pdf,1,1,0,native,
DOC-CC-082,completion_certificate,completion_certificate/DOC-CC-082.pdf,1,1,0,native,
DOC-CC-083,completion_certificate,completion_certificate/DOC-CC-083.pdf,1,1,0,native,
DOC-CC-084,completion_certificate,completion_certificate/DOC-CC-084.pdf,3,2,1,mixed,
DOC-CC-085,completion_certificate,completion_certificate/DOC-CC-085.pdf,1,1,0,native,
DOC-CC-086,completion_certificate,completion_certificate/DOC-CC-086.pdf,3,2,1,mixed,
DOC-CC-087,completion_certificate,completion_certificate/DOC-CC-087.pdf,3,2,1,mixed,
DOC-CC-088,completion_certificate,completion_certificate/DOC-CC-088.pdf,3,2,1,mixed,
DOC-CC-089,completion_certificate,completion_certificate/DOC-CC-089.pdf,3,2,1,mixed,
DOC-CC-090,completion_certificate,completion_certificate/DOC-CC-090.pdf,1,1,0,native,
DOC-CC-091,completion_certificate,completion_certificate/DOC-CC-091.pdf,3,2,1,mixed,
DOC-CC-092,completion_certificate,completion_certificate/DOC-CC-092.pdf,2,2,0,native,
DOC-CC-093,completion_certificate,completion_certificate/DOC-CC-093.pdf,1,1,0,native,
DOC-CC-094,completion_certificate,completion_certificate/DOC-CC-094.pdf,3,2,1,mixed,
DOC-CC-095,completion_certificate,completion_certificate/DOC-CC-095.pdf,1,1,0,native,
DOC-CC-096,completion_certificate,completion_certificate/DOC-CC-096.pdf,1,1,0,native,
DOC-CC-097,completion_certificate,completion_certificate/DOC-CC-097.pdf,1,1,0,native,
DOC-CC-098,completion_certificate,completion_certificate/DOC-CC-098.pdf,3,2,1,mixed,
DOC-CC-099,completion_certificate,completion_certificate/DOC-CC-099.pdf,1,1,0,native,
DOC-CC-100,completion_certificate,completion_certificate/DOC-CC-100.pdf,1,1,0,native,
DOC-CC-101,completion_certificate,completion_certificate/DOC-CC-101.pdf,1,1,0,native,
DOC-CC-102,completion_certificate,completion_certificate/DOC-CC-102.pdf,3,2,1,mixed,
DOC-CC-103,completion_certificate,completion_certificate/DOC-CC-103.pdf,1,1,0,native,
DOC-CC-104,completion_certificate,completion_certificate/DOC-CC-104.pdf,3,2,1,mixed,
DOC-CC-105,completion_certificate,completion_certificate/DOC-CC-105.pdf,3,3,0,native,
DOC-CC-106,completion_certificate,completion_certificate/DOC-CC-106.pdf,3,2,1,mixed,
DOC-CC-107,completion_certificate,completion_certificate/DOC-CC-107.pdf,3,2,1,mixed,
DOC-CC-108,completion_certificate,completion_certificate/DOC-CC-108.pdf,3,2,1,mixed,
DOC-CC-109,completion_certificate,completion_certificate/DOC-CC-109.pdf,3,2,1,mixed,
DOC-CC-110,completion_certificate,completion_certificate/DOC-CC-110.pdf,2,2,0,native,
DOC-CC-111,completion_certificate,completion_certificate/DOC-CC-111.pdf,2,2,0,native,
DOC-CC-112,completion_certificate,completion_certificate/DOC-CC-112.pdf,3,2,1,mixed,
DOC-CC-113,completion_certificate,completion_certificate/DOC-CC-113.pdf,1,1,0,native,
DOC-CC-114,completion_certificate,completion_certificate/DOC-CC-114.pdf,3,2,1,mixed,
DOC-CC-115,completion_certificate,completion_certificate/DOC-CC-115.pdf,1,1,0,native,
DOC-CC-116,completion_certificate,completion_certificate/DOC-CC-116.pdf,2,2,0,native,
DOC-CC-117,completion_certificate,completion_certificate/DOC-CC-117.pdf,2,2,0,native,
DOC-CC-118,completion_certificate,completion_certificate/DOC-CC-118.pdf,3,2,1,mixed,
DOC-CC-119,completion_certificate,completion_certificate/DOC-CC-119.pdf,1,1,0,native,
DOC-CC-120,completion_certificate,completion_certificate/DOC-CC-120.pdf,1,1,0,native,
DOC-CC-121,completion_certificate,completion_certificate/DOC-CC-121.pdf,1,1,0,native,
DOC-CC-122,completion_certificate,completion_certificate/DOC-CC-122.pdf,1,1,0,native,
DOC-CC-123,completion_certificate,completion_certificate/DOC-CC-123.pdf,1,1,0,native,
DOC-CC-124,completion_certificate,completion_certificate/DOC-CC-124.pdf,1,1,0,native,
DOC-CC-125,completion_certificate,completion_certificate/DOC-CC-125.pdf,1,1,0,native,
DOC-CC-126,completion_certificate,completion_certificate/DOC-CC-126.pdf,1,1,0,native,
DOC-CC-127,completion_certificate,completion_certificate/DOC-CC-127.pdf,1,1,0,native,
DOC-CC-128,completion_certificate,completion_certificate/DOC-CC-128.pdf,3,2,1,mixed,
DOC-CC-129,completion_certificate,completion_certificate/DOC-CC-129.pdf,2,2,0,native,
DOC-CC-130,completion_certificate,completion_certificate/DOC-CC-130.pdf,1,1,0,native,
DOC-CC-131,completion_certificate,completion_certificate/DOC-CC-131.pdf,3,2,1,mixed,
DOC-CC-132,completion_certificate,completion_certificate/DOC-CC-132.pdf,1,1,0,native,
DOC-CC-133,completion_certificate,completion_certificate/DOC-CC-133.pdf,1,1,0,native,
DOC-CC-134,completion_certificate,completion_certificate/DOC-CC-134.pdf,2,2,0,native,
DOC-CC-135,completion_certificate,completion_certificate/DOC-CC-135.pdf,1,1,0,native,
DOC-CC-136,completion_certificate,completion_certificate/DOC-CC-136.pdf,2,2,0,native,
DOC-CC-137,completion_certificate,completion_certificate/DOC-CC-137.pdf,1,1,0,native,
DOC-CC-138,completion_certificate,completion_certificate/DOC-CC-138.pdf,1,1,0,native,
DOC-CC-139,completion_certificate,completion_certificate/DOC-CC-139.pdf,2,2,0,native,
DOC-CC-140,completion_certificate,completion_certificate/DOC-CC-140.pdf,3,3,0,native,
DOC-CC-141,completion_certificate,completion_certificate/DOC-CC-141.pdf,1,1,0,native,
DOC-CC-142,completion_certificate,completion_certificate/DOC-CC-142.pdf,2,2,0,native,
DOC-CC-143,completion_certificate,completion_certificate/DOC-CC-143.pdf,1,1,0,native,
DOC-CC-144,completion_certificate,completion_certificate/DOC-CC-144.pdf,1,1,0,native,
DOC-CC-145,completion_certificate,completion_certificate/DOC-CC-145.pdf,3,2,1,mixed,
DOC-CC-146,completion_certificate,completion_certificate/DOC-CC-146.pdf,2,2,0,native,
DOC-CC-147,completion_certificate,completion_certificate/DOC-CC-147.pdf,3,2,1,mixed,
DOC-CC-148,completion_certificate,completion_certificate/DOC-CC-148.pdf,3,2,1,mixed,
DOC-CC-149,completion_certificate,completion_certificate/DOC-CC-149.pdf,1,1,0,native,
DOC-CC-150,completion_certificate,completion_certificate/DOC-CC-150.pdf,1,1,0,native,
DOC-CC-151,completion_certificate,completion_certificate/DOC-CC-151.pdf,3,2,1,mixed,
DOC-CC-152,completion_certificate,completion_certificate/DOC-CC-152.pdf,3,2,1,mixed,
DOC-CC-153,completion_certificate,completion_certificate/DOC-CC-153.pdf,3,2,1,mixed,
DOC-CC-154,completion_certificate,completion_certificate/DOC-CC-154.pdf,3,2,1,mixed,
DOC-CC-155,completion_certificate,completion_certificate/DOC-CC-155.pdf,3,3,0,native,
DOC-CCC-001,company_completion_certificate,company_completion_certificate/DOC-CCC-001.pdf,1,1,0,native,
DOC-CCC-002,company_completion_certificate,company_completion_certificate/DOC-CCC-002.pdf,2,2,0,native,
DOC-CCC-003,company_completion_certificate,company_completion_certificate/DOC-CCC-003.pdf,2,2,0,native,
DOC-CCC-004,company_completion_certificate,company_completion_certificate/DOC-CCC-004.pdf,1,1,0,native,
DOC-CCC-005,company_completion_certificate,company_completion_certificate/DOC-CCC-005.pdf,2,2,0,native,
DOC-CCC-006,company_completion_certificate,company_completion_certificate/DOC-CCC-006.pdf,1,1,0,native,
DOC-CCC-007,company_completion_certificate,company_completion_certificate/DOC-CCC-007.pdf,2,2,0,native,
DOC-CCC-008,company_completion_certificate,company_completion_certificate/DOC-CCC-008.pdf,2,2,0,native,
DOC-CCC-009,company_completion_certificate,company_completion_certificate/DOC-CCC-009.pdf,1,1,0,native,
DOC-CCC-010,company_completion_certificate,company_completion_certificate/DOC-CCC-010.pdf,2,2,0,native,
DOC-CCC-011,company_completion_certificate,company_completion_certificate/DOC-CCC-011.pdf,1,1,0,native,
DOC-CCC-012,company_completion_certificate,company_completion_certificate/DOC-CCC-012.pdf,1,1,0,native,
DOC-CCC-013,company_completion_certificate,company_completion_certificate/DOC-CCC-013.pdf,1,1,0,native,
DOC-CCC-014,company_completion_certificate,company_completion_certificate/DOC-CCC-014.pdf,1,1,0,native,
DOC-CCC-015,company_completion_certificate,company_completion_certificate/DOC-CCC-015.pdf,1,1,0,native,
DOC-CCC-016,company_completion_certificate,company_completion_certificate/DOC-CCC-016.pdf,1,1,0,native,
DOC-CCC-017,company_completion_certificate,company_completion_certificate/DOC-CCC-017.pdf,2,2,0,native,
DOC-CCC-018,company_completion_certificate,company_completion_certificate/DOC-CCC-018.pdf,1,1,0,native,
DOC-CCC-019,company_completion_certificate,company_completion_certificate/DOC-CCC-019.pdf,2,2,0,native,
DOC-CCC-020,company_completion_certificate,company_completion_certificate/DOC-CCC-020.pdf,1,1,0,native,
DOC-CCC-021,company_completion_certificate,company_completion_certificate/DOC-CCC-021.pdf,2,2,0,native,
DOC-CCC-022,company_completion_certificate,company_completion_certificate/DOC-CCC-022.pdf,1,1,0,native,
DOC-CCC-023,company_completion_certificate,company_completion_certificate/DOC-CCC-023.pdf,2,2,0,native,
DOC-CCC-024,company_completion_certificate,company_completion_certificate/DOC-CCC-024.pdf,2,2,0,native,
DOC-CCC-025,company_completion_certificate,company_completion_certificate/DOC-CCC-025.pdf,1,1,0,native,
DOC-CCC-026,company_completion_certificate,company_completion_certificate/DOC-CCC-026.pdf,2,2,0,native,
DOC-CCC-027,company_completion_certificate,company_completion_certificate/DOC-CCC-027.pdf,1,1,0,native,
DOC-CCC-028,company_completion_certificate,company_completion_certificate/DOC-CCC-028.pdf,2,2,0,native,
DOC-CCC-029,company_completion_certificate,company_completion_certificate/DOC-CCC-029.pdf,2,2,0,native,
DOC-CCC-030,company_completion_certificate,company_completion_certificate/DOC-CCC-030.pdf,1,1,0,native,
DOC-CCC-031,company_completion_certificate,company_completion_certificate/DOC-CCC-031.pdf,2,2,0,native,
DOC-CCC-032,company_completion_certificate,company_completion_certificate/DOC-CCC-032.pdf,2,2,0,native,
DOC-CCC-033,company_completion_certificate,company_completion_certificate/DOC-CCC-033.pdf,1,1,0,native,
DOC-CCC-034,company_completion_certificate,company_completion_certificate/DOC-CCC-034.pdf,2,2,0,native,
DOC-CCC-035,company_completion_certificate,company_completion_certificate/DOC-CCC-035.pdf,1,1,0,native,
DOC-CCC-036,company_completion_certificate,company_completion_certificate/DOC-CCC-036.pdf,2,2,0,native,
DOC-CCC-037,company_completion_certificate,company_completion_certificate/DOC-CCC-037.pdf,1,1,0,native,
DOC-CCC-038,company_completion_certificate,company_completion_certificate/DOC-CCC-038.pdf,2,2,0,native,
DOC-CCC-039,company_completion_certificate,company_completion_certificate/DOC-CCC-039.pdf,2,2,0,native,
DOC-CCC-040,company_completion_certificate,company_completion_certificate/DOC-CCC-040.pdf,1,1,0,native,
DOC-CCC-041,company_completion_certificate,company_completion_certificate/DOC-CCC-041.pdf,2,2,0,native,
DOC-CCC-042,company_completion_certificate,company_completion_certificate/DOC-CCC-042.pdf,2,2,0,native,
DOC-CCC-043,company_completion_certificate,company_completion_certificate/DOC-CCC-043.pdf,2,2,0,native,
DOC-CCC-044,company_completion_certificate,company_completion_certificate/DOC-CCC-044.pdf,1,1,0,native,
DOC-CCC-045,company_completion_certificate,company_completion_certificate/DOC-CCC-045.pdf,1,1,0,native,
DOC-CCC-046,company_completion_certificate,company_completion_certificate/DOC-CCC-046.pdf,1,1,0,native,
DOC-CCC-047,company_completion_certificate,company_completion_certificate/DOC-CCC-047.pdf,2,2,0,native,
DOC-CCC-048,company_completion_certificate,company_completion_certificate/DOC-CCC-048.pdf,1,1,0,native,
DOC-CCC-049,company_completion_certificate,company_completion_certificate/DOC-CCC-049.pdf,1,1,0,native,
DOC-CCC-050,company_completion_certificate,company_completion_certificate/DOC-CCC-050.pdf,2,2,0,native,
DOC-CCC-051,company_completion_certificate,company_completion_certificate/DOC-CCC-051.pdf,1,1,0,native,
DOC-CCC-052,company_completion_certificate,company_completion_certificate/DOC-CCC-052.pdf,2,2,0,native,
DOC-CCC-053,company_completion_certificate,company_completion_certificate/DOC-CCC-053.pdf,2,2,0,native,
DOC-CCC-054,company_completion_certificate,company_completion_certificate/DOC-CCC-054.pdf,2,2,0,native,
DOC-CCC-055,company_completion_certificate,company_completion_certificate/DOC-CCC-055.pdf,1,1,0,native,
DOC-CCC-056,company_completion_certificate,company_completion_certificate/DOC-CCC-056.pdf,1,1,0,native,
DOC-CCC-057,company_completion_certificate,company_completion_certificate/DOC-CCC-057.pdf,1,1,0,native,
DOC-CCC-058,company_completion_certificate,company_completion_certificate/DOC-CCC-058.pdf,2,2,0,native,
DOC-CCC-059,company_completion_certificate,company_completion_certificate/DOC-CCC-059.pdf,2,2,0,native,
DOC-CCC-060,company_completion_certificate,company_completion_certificate/DOC-CCC-060.pdf,1,1,0,native,
DOC-CCC-061,company_completion_certificate,company_completion_certificate/DOC-CCC-061.pdf,1,1,0,native,
DOC-CCC-062,company_completion_certificate,company_completion_certificate/DOC-CCC-062.pdf,1,1,0,native,
DOC-CCC-063,company_completion_certificate,company_completion_certificate/DOC-CCC-063.pdf,2,2,0,native,
DOC-CCC-064,company_completion_certificate,company_completion_certificate/DOC-CCC-064.pdf,2,2,0,native,
DOC-CCC-065,company_completion_certificate,company_completion_certificate/DOC-CCC-065.pdf,2,2,0,native,
DOC-CCC-066,company_completion_certificate,company_completion_certificate/DOC-CCC-066.pdf,2,2,0,native,
DOC-CCC-067,company_completion_certificate,company_completion_certificate/DOC-CCC-067.pdf,2,2,0,native,
DOC-CCC-068,company_completion_certificate,company_completion_certificate/DOC-CCC-068.pdf,1,1,0,native,
DOC-CCC-069,company_completion_certificate,company_completion_certificate/DOC-CCC-069.pdf,1,1,0,native,
DOC-CCC-070,company_completion_certificate,company_completion_certificate/DOC-CCC-070.pdf,1,1,0,native,
DOC-CCC-071,company_completion_certificate,company_completion_certificate/DOC-CCC-071.pdf,1,1,0,native,
DOC-CCC-072,company_completion_certificate,company_completion_certificate/DOC-CCC-072.pdf,2,2,0,native,
DOC-CCC-073,company_completion_certificate,company_completion_certificate/DOC-CCC-073.pdf,2,2,0,native,
DOC-CCC-074,company_completion_certificate,company_completion_certificate/DOC-CCC-074.pdf,1,1,0,native,
DOC-CCC-075,company_completion_certificate,company_completion_certificate/DOC-CCC-075.pdf,1,1,0,native,
DOC-CCC-076,company_completion_certificate,company_completion_certificate/DOC-CCC-076.pdf,2,2,0,native,
DOC-CCC-077,company_completion_certificate,company_completion_certificate/DOC-CCC-077.pdf,2,2,0,native,
DOC-CCC-078,company_completion_certificate,company_completion_certificate/DOC-CCC-078.pdf,1,1,0,native,
DOC-CCC-079,company_completion_certificate,company_completion_certificate/DOC-CCC-079.pdf,2,2,0,native,
DOC-CCC-080,company_completion_certificate,company_completion_certificate/DOC-CCC-080.pdf,2,2,0,native,
DOC-CCC-081,company_completion_certificate,company_completion_certificate/DOC-CCC-081.pdf,1,1,0,native,
DOC-CCC-082,company_completion_certificate,company_completion_certificate/DOC-CCC-082.pdf,1,1,0,native,
DOC-CCC-083,company_completion_certificate,company_completion_certificate/DOC-CCC-083.pdf,2,2,0,native,
DOC-CCC-084,company_completion_certificate,company_completion_certificate/DOC-CCC-084.pdf,1,1,0,native,
DOC-CCC-085,company_completion_certificate,company_completion_certificate/DOC-CCC-085.pdf,1,1,0,native,
DOC-CCC-086,company_completion_certificate,company_completion_certificate/DOC-CCC-086.pdf,2,2,0,native,
DOC-CCC-087,company_completion_certificate,company_completion_certificate/DOC-CCC-087.pdf,1,1,0,native,
DOC-CCC-088,company_completion_certificate,company_completion_certificate/DOC-CCC-088.pdf,1,1,0,native,
DOC-CCC-089,company_completion_certificate,company_completion_certificate/DOC-CCC-089.pdf,1,1,0,native,
DOC-CCC-090,company_completion_certificate,company_completion_certificate/DOC-CCC-090.pdf,1,1,0,native,
DOC-CCC-091,company_completion_certificate,company_completion_certificate/DOC-CCC-091.pdf,2,2,0,native,
DOC-CCC-092,company_completion_certificate,company_completion_certificate/DOC-CCC-092.pdf,1,1,0,native,
DOC-CCC-093,company_completion_certificate,company_completion_certificate/DOC-CCC-093.pdf,1,1,0,native,
DOC-CCC-094,company_completion_certificate,company_completion_certificate/DOC-CCC-094.pdf,1,1,0,native,
DOC-CCC-095,company_completion_certificate,company_completion_certificate/DOC-CCC-095.pdf,2,2,0,native,
DOC-CCC-096,company_completion_certificate,company_completion_certificate/DOC-CCC-096.pdf,2,2,0,native,
DOC-CCC-097,company_completion_certificate,company_completion_certificate/DOC-CCC-097.pdf,2,2,0,native,
DOC-CCC-098,company_completion_certificate,company_completion_certificate/DOC-CCC-098.pdf,1,1,0,native,
DOC-CCC-099,company_completion_certificate,company_completion_certificate/DOC-CCC-099.pdf,2,2,0,native,
DOC-CCC-100,company_completion_certificate,company_completion_certificate/DOC-CCC-100.pdf,2,2,0,native,
DOC-CCC-101,company_completion_certificate,company_completion_certificate/DOC-CCC-101.pdf,1,1,0,native,
DOC-CCC-102,company_completion_certificate,company_completion_certificate/DOC-CCC-102.pdf,1,1,0,native,
DOC-CCC-103,company_completion_certificate,company_completion_certificate/DOC-CCC-103.pdf,2,2,0,native,
DOC-CCC-104,company_completion_certificate,company_completion_certificate/DOC-CCC-104.pdf,1,1,0,native,
DOC-CCC-105,company_completion_certificate,company_completion_certificate/DOC-CCC-105.pdf,1,1,0,native,
DOC-CCC-106,company_completion_certificate,company_completion_certificate/DOC-CCC-106.pdf,2,2,0,native,
DOC-CCC-107,company_completion_certificate,company_completion_certificate/DOC-CCC-107.pdf,1,1,0,native,
DOC-CCC-108,company_completion_certificate,company_completion_certificate/DOC-CCC-108.pdf,1,1,0,native,
DOC-CCC-109,company_completion_certificate,company_completion_certificate/DOC-CCC-109.pdf,2,2,0,native,
DOC-CCC-110,company_completion_certificate,company_completion_certificate/DOC-CCC-110.pdf,2,2,0,native,
DOC-CCC-111,company_completion_certificate,company_completion_certificate/DOC-CCC-111.pdf,2,2,0,native,
DOC-CCC-112,company_completion_certificate,company_completion_certificate/DOC-CCC-112.pdf,1,1,0,native,
DOC-CCC-113,company_completion_certificate,company_completion_certificate/DOC-CCC-113.pdf,2,2,0,native,
DOC-CCC-114,company_completion_certificate,company_completion_certificate/DOC-CCC-114.pdf,2,2,0,native,
DOC-CCC-115,company_completion_certificate,company_completion_certificate/DOC-CCC-115.pdf,1,1,0,native,
DOC-CCC-116,company_completion_certificate,company_completion_certificate/DOC-CCC-116.pdf,2,2,0,native,
DOC-CCC-117,company_completion_certificate,company_completion_certificate/DOC-CCC-117.pdf,2,2,0,native,
DOC-CCC-118,company_completion_certificate,company_completion_certificate/DOC-CCC-118.pdf,2,2,0,native,
DOC-CCC-119,company_completion_certificate,company_completion_certificate/DOC-CCC-119.pdf,2,2,0,native,
DOC-CCC-120,company_completion_certificate,company_completion_certificate/DOC-CCC-120.pdf,2,2,0,native,
DOC-CCC-121,company_completion_certificate,company_completion_certificate/DOC-CCC-121.pdf,2,2,0,native,
DOC-CCC-122,company_completion_certificate,company_completion_certificate/DOC-CCC-122.pdf,2,2,0,native,
DOC-CCC-123,company_completion_certificate,company_completion_certificate/DOC-CCC-123.pdf,2,2,0,native,
DOC-CCC-124,company_completion_certificate,company_completion_certificate/DOC-CCC-124.pdf,2,2,0,native,
DOC-CCC-125,company_completion_certificate,company_completion_certificate/DOC-CCC-125.pdf,2,2,0,native,
DOC-CCC-126,company_completion_certificate,company_completion_certificate/DOC-CCC-126.pdf,1,1,0,native,
DOC-CCC-127,company_completion_certificate,company_completion_certificate/DOC-CCC-127.pdf,1,1,0,native,
DOC-CCC-128,company_completion_certificate,company_completion_certificate/DOC-CCC-128.pdf,1,1,0,native,
DOC-CCC-129,company_completion_certificate,company_completion_certificate/DOC-CCC-129.pdf,1,1,0,native,
DOC-CCC-130,company_completion_certificate,company_completion_certificate/DOC-CCC-130.pdf,1,1,0,native,
DOC-CCC-131,company_completion_certificate,company_completion_certificate/DOC-CCC-131.pdf,1,1,0,native,
DOC-CCC-132,company_completion_certificate,company_completion_certificate/DOC-CCC-132.pdf,2,2,0,native,
DOC-CCC-133,company_completion_certificate,company_completion_certificate/DOC-CCC-133.pdf,2,2,0,native,
DOC-CCC-134,company_completion_certificate,company_completion_certificate/DOC-CCC-134.pdf,2,2,0,native,
DOC-CCC-135,company_completion_certificate,company_completion_certificate/DOC-CCC-135.pdf,1,1,0,native,
DOC-CCC-136,company_completion_certificate,company_completion_certificate/DOC-CCC-136.pdf,2,2,0,native,
DOC-CCC-137,company_completion_certificate,company_completion_certificate/DOC-CCC-137.pdf,1,1,0,native,
DOC-CCC-138,company_completion_certificate,company_completion_certificate/DOC-CCC-138.pdf,1,1,0,native,
DOC-CCC-139,company_completion_certificate,company_completion_certificate/DOC-CCC-139.pdf,2,2,0,native,
DOC-CCC-140,company_completion_certificate,company_completion_certificate/DOC-CCC-140.pdf,2,2,0,native,
DOC-CCC-141,company_completion_certificate,company_completion_certificate/DOC-CCC-141.pdf,1,1,0,native,
DOC-CCC-142,company_completion_certificate,company_completion_certificate/DOC-CCC-142.pdf,2,2,0,native,
DOC-CCC-143,company_completion_certificate,company_completion_certificate/DOC-CCC-143.pdf,2,2,0,native,
DOC-CCC-144,company_completion_certificate,company_completion_certificate/DOC-CCC-144.pdf,2,2,0,native,
DOC-CCC-145,company_completion_certificate,company_completion_certificate/DOC-CCC-145.pdf,1,1,0,native,
DOC-CCC-146,company_completion_certificate,company_completion_certificate/DOC-CCC-146.pdf,1,1,0,native,
DOC-CCC-147,company_completion_certificate,company_completion_certificate/DOC-CCC-147.pdf,2,2,0,native,
DOC-CCC-148,company_completion_certificate,company_completion_certificate/DOC-CCC-148.pdf,2,2,0,native,
DOC-CCC-149,company_completion_certificate,company_completion_certificate/DOC-CCC-149.pdf,2,2,0,native,
DOC-CCC-150,company_completion_certificate,company_completion_certificate/DOC-CCC-150.pdf,2,2,0,native,
DOC-CCC-151,company_completion_certificate,company_completion_certificate/DOC-CCC-151.pdf,2,2,0,native,
DOC-CCC-152,company_completion_certificate,company_completion_certificate/DOC-CCC-152.pdf,1,1,0,native,
DOC-CCC-153,company_completion_certificate,company_completion_certificate/DOC-CCC-153.pdf,1,1,0,native,
DOC-CCC-154,company_completion_certificate,company_completion_certificate/DOC-CCC-154.pdf,1,1,0,native,
DOC-CCC-155,company_completion_certificate,company_completion_certificate/DOC-CCC-155.pdf,1,1,0,native,
DOC-CERT-001,iso_certificate,iso_certificate/DOC-CERT-001.pdf,2,2,0,native,
DOC-CERT-002,iso_certificate,iso_certificate/DOC-CERT-002.pdf,2,2,0,native,
DOC-CERT-003,iso_certificate,iso_certificate/DOC-CERT-003.pdf,2,2,0,native,
DOC-CERT-004,iso_certificate,iso_certificate/DOC-CERT-004.pdf,2,2,0,native,
DOC-CERT-005,iso_certificate,iso_certificate/DOC-CERT-005.pdf,2,2,0,native,
DOC-CM-0005,compliance_matrix,compliance_matrix/DOC-CM-0005.pdf,1,1,0,native,
DOC-CM-0006,compliance_matrix,compliance_matrix/DOC-CM-0006.pdf,1,1,0,native,
DOC-CM-0010,compliance_matrix,compliance_matrix/DOC-CM-0010.pdf,2,2,0,native,
DOC-CM-0016,compliance_matrix,compliance_matrix/DOC-CM-0016.pdf,2,2,0,native,
DOC-CM-0025,compliance_matrix,compliance_matrix/DOC-CM-0025.pdf,1,1,0,native,
DOC-CM-0026,compliance_matrix,compliance_matrix/DOC-CM-0026.pdf,1,1,0,native,
DOC-CM-0031,compliance_matrix,compliance_matrix/DOC-CM-0031.pdf,1,1,0,native,
DOC-CM-0033,compliance_matrix,compliance_matrix/DOC-CM-0033.pdf,2,2,0,native,
DOC-CM-0038,compliance_matrix,compliance_matrix/DOC-CM-0038.pdf,2,2,0,native,
DOC-CM-0042,compliance_matrix,compliance_matrix/DOC-CM-0042.pdf,2,2,0,native,
DOC-CM-0047,compliance_matrix,compliance_matrix/DOC-CM-0047.pdf,2,2,0,native,
DOC-CM-0048,compliance_matrix,compliance_matrix/DOC-CM-0048.pdf,2,2,0,native,
DOC-CM-0049,compliance_matrix,compliance_matrix/DOC-CM-0049.pdf,2,2,0,native,
DOC-CM-0050,compliance_matrix,compliance_matrix/DOC-CM-0050.pdf,1,1,0,native,
DOC-CM-0063,compliance_matrix,compliance_matrix/DOC-CM-0063.pdf,2,2,0,native,
DOC-CM-0067,compliance_matrix,compliance_matrix/DOC-CM-0067.pdf,2,2,0,native,
DOC-CM-0068,compliance_matrix,compliance_matrix/DOC-CM-0068.pdf,1,1,0,native,
DOC-CM-0069,compliance_matrix,compliance_matrix/DOC-CM-0069.pdf,2,2,0,native,
DOC-CM-0070,compliance_matrix,compliance_matrix/DOC-CM-0070.pdf,2,2,0,native,
DOC-CM-0071,compliance_matrix,compliance_matrix/DOC-CM-0071.pdf,1,1,0,native,
DOC-CM-0076,compliance_matrix,compliance_matrix/DOC-CM-0076.pdf,1,1,0,native,
DOC-CM-0083,compliance_matrix,compliance_matrix/DOC-CM-0083.pdf,2,2,0,native,
DOC-CM-0088,compliance_matrix,compliance_matrix/DOC-CM-0088.pdf,1,1,0,native,
DOC-CM-0091,compliance_matrix,compliance_matrix/DOC-CM-0091.pdf,1,1,0,native,
DOC-CM-0094,compliance_matrix,compliance_matrix/DOC-CM-0094.pdf,1,1,0,native,
DOC-CM-0099,compliance_matrix,compliance_matrix/DOC-CM-0099.pdf,1,1,0,native,
DOC-CM-0103,compliance_matrix,compliance_matrix/DOC-CM-0103.pdf,1,1,0,native,
DOC-CM-0111,compliance_matrix,compliance_matrix/DOC-CM-0111.pdf,2,2,0,native,
DOC-CM-0116,compliance_matrix,compliance_matrix/DOC-CM-0116.pdf,1,1,0,native,
DOC-CM-0128,compliance_matrix,compliance_matrix/DOC-CM-0128.pdf,2,2,0,native,
DOC-CM-0130,compliance_matrix,compliance_matrix/DOC-CM-0130.pdf,2,2,0,native,
DOC-CM-0131,compliance_matrix,compliance_matrix/DOC-CM-0131.pdf,1,1,0,native,
DOC-CM-0142,compliance_matrix,compliance_matrix/DOC-CM-0142.pdf,2,2,0,native,
DOC-CM-0146,compliance_matrix,compliance_matrix/DOC-CM-0146.pdf,2,2,0,native,
DOC-CM-0151,compliance_matrix,compliance_matrix/DOC-CM-0151.pdf,1,1,0,native,
DOC-CM-0158,compliance_matrix,compliance_matrix/DOC-CM-0158.pdf,1,1,0,native,
DOC-CM-0165,compliance_matrix,compliance_matrix/DOC-CM-0165.pdf,2,2,0,native,
DOC-CM-0175,compliance_matrix,compliance_matrix/DOC-CM-0175.pdf,1,1,0,native,
DOC-CM-0185,compliance_matrix,compliance_matrix/DOC-CM-0185.pdf,1,1,0,native,
DOC-CM-0186,compliance_matrix,compliance_matrix/DOC-CM-0186.pdf,1,1,0,native,
DOC-CV-001,cv,cv/DOC-CV-001.pdf,2,2,0,native,
DOC-CV-002,cv,cv/DOC-CV-002.pdf,2,2,0,native,
DOC-CV-003,cv,cv/DOC-CV-003.pdf,2,2,0,native,
DOC-CV-004,cv,cv/DOC-CV-004.pdf,2,2,0,native,
DOC-CV-005,cv,cv/DOC-CV-005.pdf,2,2,0,native,
DOC-CV-006,cv,cv/DOC-CV-006.pdf,2,2,0,native,
DOC-CV-007,cv,cv/DOC-CV-007.pdf,2,2,0,native,
DOC-CV-008,cv,cv/DOC-CV-008.pdf,2,2,0,native,
DOC-CV-009,cv,cv/DOC-CV-009.pdf,2,2,0,native,
DOC-CV-010,cv,cv/DOC-CV-010.pdf,2,2,0,native,
DOC-CV-011,cv,cv/DOC-CV-011.pdf,2,2,0,native,
DOC-CV-012,cv,cv/DOC-CV-012.pdf,2,2,0,native,
DOC-CV-013,cv,cv/DOC-CV-013.pdf,2,2,0,native,
DOC-CV-014,cv,cv/DOC-CV-014.pdf,2,2,0,native,
DOC-CV-015,cv,cv/DOC-CV-015.pdf,2,2,0,native,
DOC-CV-016,cv,cv/DOC-CV-016.pdf,2,2,0,native,
DOC-CV-017,cv,cv/DOC-CV-017.pdf,2,2,0,native,
DOC-CV-018,cv,cv/DOC-CV-018.pdf,2,2,0,native,
DOC-CV-019,cv,cv/DOC-CV-019.pdf,2,2,0,native,
DOC-CV-020,cv,cv/DOC-CV-020.pdf,2,2,0,native,
DOC-CV-021,cv,cv/DOC-CV-021.pdf,2,2,0,native,
DOC-CV-022,cv,cv/DOC-CV-022.pdf,2,2,0,native,
DOC-CV-023,cv,cv/DOC-CV-023.pdf,2,2,0,native,
DOC-CV-024,cv,cv/DOC-CV-024.pdf,2,2,0,native,
DOC-CV-025,cv,cv/DOC-CV-025.pdf,2,2,0,native,
DOC-CV-026,cv,cv/DOC-CV-026.pdf,2,2,0,native,
DOC-CV-027,cv,cv/DOC-CV-027.pdf,2,2,0,native,
DOC-CV-028,cv,cv/DOC-CV-028.pdf,2,2,0,native,
DOC-CV-029,cv,cv/DOC-CV-029.pdf,2,2,0,native,
DOC-CV-030,cv,cv/DOC-CV-030.pdf,2,2,0,native,
DOC-CV-031,cv,cv/DOC-CV-031.pdf,2,2,0,native,
DOC-CV-032,cv,cv/DOC-CV-032.pdf,2,2,0,native,
DOC-CV-033,cv,cv/DOC-CV-033.pdf,2,2,0,native,
DOC-CV-034,cv,cv/DOC-CV-034.pdf,2,2,0,native,
DOC-CV-035,cv,cv/DOC-CV-035.pdf,2,2,0,native,
DOC-CV-036,cv,cv/DOC-CV-036.pdf,2,2,0,native,
DOC-CV-037,cv,cv/DOC-CV-037.pdf,2,2,0,native,
DOC-CV-038,cv,cv/DOC-CV-038.pdf,2,2,0,native,
DOC-CV-039,cv,cv/DOC-CV-039.pdf,2,2,0,native,
DOC-DOSSIER-0165,tender_dossier,tender_dossier/DOC-DOSSIER-0165.pdf,48,48,0,native,
DOC-DOSSIER-0205,tender_dossier,tender_dossier/DOC-DOSSIER-0205.pdf,48,48,0,native,
DOC-DOSSIER-0206,tender_dossier,tender_dossier/DOC-DOSSIER-0206.pdf,48,48,0,native,
DOC-DOSSIER-0326,tender_dossier,tender_dossier/DOC-DOSSIER-0326.pdf,48,48,0,native,
DOC-DOSSIER-0333,tender_dossier,tender_dossier/DOC-DOSSIER-0333.pdf,48,48,0,native,
DOC-DOSSIER-0338,tender_dossier,tender_dossier/DOC-DOSSIER-0338.pdf,48,48,0,native,
DOC-FINBILL-0071,final_ra_bill,final_ra_bill/DOC-FINBILL-0071.pdf,20,20,0,native,
DOC-FINBILL-0072,final_ra_bill,final_ra_bill/DOC-FINBILL-0072.pdf,14,14,0,native,
DOC-FINBILL-0073,final_ra_bill,final_ra_bill/DOC-FINBILL-0073.pdf,17,17,0,native,
DOC-FINBILL-0074,final_ra_bill,final_ra_bill/DOC-FINBILL-0074.pdf,24,24,0,native,
DOC-FINBILL-0075,final_ra_bill,final_ra_bill/DOC-FINBILL-0075.pdf,23,23,0,native,
DOC-FINBILL-0079,final_ra_bill,final_ra_bill/DOC-FINBILL-0079.pdf,17,17,0,native,
DOC-FS-2019,financial_statement,financial_statement/DOC-FS-2019.pdf,3,3,0,native,
DOC-FS-2020,financial_statement,financial_statement/DOC-FS-2020.pdf,3,3,0,native,
DOC-FS-2021,financial_statement,financial_statement/DOC-FS-2021.pdf,3,3,0,native,
DOC-FS-2022,financial_statement,financial_statement/DOC-FS-2022.pdf,3,3,0,native,
DOC-FS-2023,financial_statement,financial_statement/DOC-FS-2023.pdf,3,3,0,native,
DOC-FS-2024,financial_statement,financial_statement/DOC-FS-2024.pdf,3,3,0,native,
DOC-FS-2025,financial_statement,financial_statement/DOC-FS-2025.pdf,3,3,0,native,
DOC-GLB-2019,general_ledger_book,general_ledger_book/DOC-GLB-2019.pdf,27,27,0,native,
DOC-GLB-2020,general_ledger_book,general_ledger_book/DOC-GLB-2020.pdf,44,44,0,native,
DOC-GLB-2021,general_ledger_book,general_ledger_book/DOC-GLB-2021.pdf,60,60,0,native,
DOC-GLB-2022,general_ledger_book,general_ledger_book/DOC-GLB-2022.pdf,72,72,0,native,
DOC-GLB-2023,general_ledger_book,general_ledger_book/DOC-GLB-2023.pdf,54,54,0,native,
DOC-GLB-2024,general_ledger_book,general_ledger_book/DOC-GLB-2024.pdf,52,52,0,native,
DOC-GLB-2025,general_ledger_book,general_ledger_book/DOC-GLB-2025.pdf,61,61,0,native,
DOC-GLB-2026,general_ledger_book,general_ledger_book/DOC-GLB-2026.pdf,9,9,0,native,
DOC-PCERT-006,personnel_certificate,personnel_certificate/DOC-PCERT-006.pdf,1,1,0,native,
DOC-PCERT-007,personnel_certificate,personnel_certificate/DOC-PCERT-007.pdf,1,1,0,native,
DOC-PCERT-008,personnel_certificate,personnel_certificate/DOC-PCERT-008.pdf,1,1,0,native,
DOC-PCERT-009,personnel_certificate,personnel_certificate/DOC-PCERT-009.pdf,1,1,0,native,
DOC-PCERT-010,personnel_certificate,personnel_certificate/DOC-PCERT-010.pdf,1,1,0,native,
DOC-PCERT-011,personnel_certificate,personnel_certificate/DOC-PCERT-011.pdf,1,1,0,native,
DOC-PCERT-012,personnel_certificate,personnel_certificate/DOC-PCERT-012.pdf,1,1,0,native,
DOC-PCERT-013,personnel_certificate,personnel_certificate/DOC-PCERT-013.pdf,1,1,0,native,
DOC-PCERT-014,personnel_certificate,personnel_certificate/DOC-PCERT-014.pdf,1,1,0,native,
DOC-PCERT-015,personnel_certificate,personnel_certificate/DOC-PCERT-015.pdf,1,1,0,native,
DOC-PCERT-016,personnel_certificate,personnel_certificate/DOC-PCERT-016.pdf,1,1,0,native,
DOC-PCERT-017,personnel_certificate,personnel_certificate/DOC-PCERT-017.pdf,1,1,0,native,
DOC-PCERT-018,personnel_certificate,personnel_certificate/DOC-PCERT-018.pdf,1,1,0,native,
DOC-PCERT-019,personnel_certificate,personnel_certificate/DOC-PCERT-019.pdf,1,1,0,native,
DOC-PCERT-020,personnel_certificate,personnel_certificate/DOC-PCERT-020.pdf,1,1,0,native,
DOC-PCERT-021,personnel_certificate,personnel_certificate/DOC-PCERT-021.pdf,1,1,0,native,
DOC-PCERT-022,personnel_certificate,personnel_certificate/DOC-PCERT-022.pdf,1,1,0,native,
DOC-PCERT-023,personnel_certificate,personnel_certificate/DOC-PCERT-023.pdf,1,1,0,native,
DOC-PCERT-024,personnel_certificate,personnel_certificate/DOC-PCERT-024.pdf,1,1,0,native,
DOC-PCERT-025,personnel_certificate,personnel_certificate/DOC-PCERT-025.pdf,1,1,0,native,
DOC-PCERT-026,personnel_certificate,personnel_certificate/DOC-PCERT-026.pdf,1,1,0,native,
DOC-PCERT-027,personnel_certificate,personnel_certificate/DOC-PCERT-027.pdf,1,1,0,native,
DOC-PCERT-028,personnel_certificate,personnel_certificate/DOC-PCERT-028.pdf,1,1,0,native,
DOC-PCERT-029,personnel_certificate,personnel_certificate/DOC-PCERT-029.pdf,1,1,0,native,
DOC-PCERT-030,personnel_certificate,personnel_certificate/DOC-PCERT-030.pdf,1,1,0,native,
DOC-PCERT-031,personnel_certificate,personnel_certificate/DOC-PCERT-031.pdf,1,1,0,native,
DOC-PCERT-032,personnel_certificate,personnel_certificate/DOC-PCERT-032.pdf,1,1,0,native,
DOC-PCERT-033,personnel_certificate,personnel_certificate/DOC-PCERT-033.pdf,1,1,0,native,
DOC-PCERT-034,personnel_certificate,personnel_certificate/DOC-PCERT-034.pdf,1,1,0,native,
DOC-PCERT-035,personnel_certificate,personnel_certificate/DOC-PCERT-035.pdf,1,1,0,native,
DOC-PCERT-036,personnel_certificate,personnel_certificate/DOC-PCERT-036.pdf,1,1,0,native,
DOC-PCERT-037,personnel_certificate,personnel_certificate/DOC-PCERT-037.pdf,1,1,0,native,
DOC-PCERT-038,personnel_certificate,personnel_certificate/DOC-PCERT-038.pdf,1,1,0,native,
DOC-PCERT-039,personnel_certificate,personnel_certificate/DOC-PCERT-039.pdf,1,1,0,native,
DOC-PCERT-040,personnel_certificate,personnel_certificate/DOC-PCERT-040.pdf,1,1,0,native,
DOC-PCERT-041,personnel_certificate,personnel_certificate/DOC-PCERT-041.pdf,1,1,0,native,
DOC-PCERT-042,personnel_certificate,personnel_certificate/DOC-PCERT-042.pdf,1,1,0,native,
DOC-PCERT-043,personnel_certificate,personnel_certificate/DOC-PCERT-043.pdf,1,1,0,native,
DOC-PCERT-044,personnel_certificate,personnel_certificate/DOC-PCERT-044.pdf,1,1,0,native,
DOC-PCERT-156,personnel_certificate,personnel_certificate/DOC-PCERT-156.pdf,1,1,0,native,
DOC-PCERT-157,personnel_certificate,personnel_certificate/DOC-PCERT-157.pdf,1,1,0,native,
DOC-PCERT-158,personnel_certificate,personnel_certificate/DOC-PCERT-158.pdf,1,1,0,native,
DOC-PCERT-159,personnel_certificate,personnel_certificate/DOC-PCERT-159.pdf,1,1,0,native,
DOC-PCERT-160,personnel_certificate,personnel_certificate/DOC-PCERT-160.pdf,1,1,0,native,
DOC-PCERT-161,personnel_certificate,personnel_certificate/DOC-PCERT-161.pdf,1,1,0,native,
DOC-PCERT-162,personnel_certificate,personnel_certificate/DOC-PCERT-162.pdf,1,1,0,native,
DOC-PCERT-163,personnel_certificate,personnel_certificate/DOC-PCERT-163.pdf,1,1,0,native,
DOC-PCERT-164,personnel_certificate,personnel_certificate/DOC-PCERT-164.pdf,1,1,0,native,
DOC-PPP-001,past_performance_portfolio,past_performance_portfolio/DOC-PPP-001.pdf,64,64,0,native,
DOC-RABILL-00344,ra_bill,ra_bill/DOC-RABILL-00344.pdf,1,1,0,native,
DOC-RABILL-00345,ra_bill,ra_bill/DOC-RABILL-00345.pdf,1,1,0,native,
DOC-RABILL-00424,ra_bill,ra_bill/DOC-RABILL-00424.pdf,1,1,0,native,
DOC-RABILL-00425,ra_bill,ra_bill/DOC-RABILL-00425.pdf,1,1,0,native,
DOC-RABILL-00434,ra_bill,ra_bill/DOC-RABILL-00434.pdf,1,1,0,native,
DOC-RABILL-00435,ra_bill,ra_bill/DOC-RABILL-00435.pdf,1,1,0,native,
DOC-REF-001,reference_letter,reference_letter/DOC-REF-001.pdf,1,1,0,native,
DOC-REF-002,reference_letter,reference_letter/DOC-REF-002.pdf,1,1,0,native,
DOC-REF-003,reference_letter,reference_letter/DOC-REF-003.pdf,1,1,0,native,
DOC-REF-004,reference_letter,reference_letter/DOC-REF-004.pdf,2,2,0,native,
DOC-REF-005,reference_letter,reference_letter/DOC-REF-005.pdf,2,2,0,native,
DOC-REF-006,reference_letter,reference_letter/DOC-REF-006.pdf,2,2,0,native,
DOC-REF-007,reference_letter,reference_letter/DOC-REF-007.pdf,1,1,0,native,
DOC-REF-008,reference_letter,reference_letter/DOC-REF-008.pdf,2,2,0,native,
DOC-REF-009,reference_letter,reference_letter/DOC-REF-009.pdf,1,1,0,native,
DOC-REF-010,reference_letter,reference_letter/DOC-REF-010.pdf,1,1,0,native,
DOC-REF-011,reference_letter,reference_letter/DOC-REF-011.pdf,1,1,0,native,
DOC-REF-012,reference_letter,reference_letter/DOC-REF-012.pdf,1,1,0,native,
DOC-REF-013,reference_letter,reference_letter/DOC-REF-013.pdf,1,1,0,native,
DOC-REF-014,reference_letter,reference_letter/DOC-REF-014.pdf,2,2,0,native,
DOC-REF-015,reference_letter,reference_letter/DOC-REF-015.pdf,1,1,0,native,
DOC-REF-016,reference_letter,reference_letter/DOC-REF-016.pdf,1,1,0,native,
DOC-REF-017,reference_letter,reference_letter/DOC-REF-017.pdf,2,2,0,native,
DOC-REF-018,reference_letter,reference_letter/DOC-REF-018.pdf,2,2,0,native,
DOC-REF-019,reference_letter,reference_letter/DOC-REF-019.pdf,2,2,0,native,
DOC-REF-020,reference_letter,reference_letter/DOC-REF-020.pdf,1,1,0,native,
DOC-REF-021,reference_letter,reference_letter/DOC-REF-021.pdf,1,1,0,native,
DOC-REF-022,reference_letter,reference_letter/DOC-REF-022.pdf,1,1,0,native,
DOC-REF-023,reference_letter,reference_letter/DOC-REF-023.pdf,1,1,0,native,
DOC-REF-024,reference_letter,reference_letter/DOC-REF-024.pdf,1,1,0,native,
DOC-REF-025,reference_letter,reference_letter/DOC-REF-025.pdf,1,1,0,native,
DOC-REF-026,reference_letter,reference_letter/DOC-REF-026.pdf,1,1,0,native,
DOC-REF-027,reference_letter,reference_letter/DOC-REF-027.pdf,1,1,0,native,
DOC-REF-028,reference_letter,reference_letter/DOC-REF-028.pdf,2,2,0,native,
DOC-REF-029,reference_letter,reference_letter/DOC-REF-029.pdf,1,1,0,native,
DOC-REF-030,reference_letter,reference_letter/DOC-REF-030.pdf,1,1,0,native,
DOC-REF-031,reference_letter,reference_letter/DOC-REF-031.pdf,1,1,0,native,
DOC-REF-032,reference_letter,reference_letter/DOC-REF-032.pdf,2,2,0,native,
DOC-REF-033,reference_letter,reference_letter/DOC-REF-033.pdf,1,1,0,native,
DOC-REF-034,reference_letter,reference_letter/DOC-REF-034.pdf,1,1,0,native,
DOC-REF-035,reference_letter,reference_letter/DOC-REF-035.pdf,1,1,0,native,
DOC-REF-036,reference_letter,reference_letter/DOC-REF-036.pdf,1,1,0,native,
DOC-REF-037,reference_letter,reference_letter/DOC-REF-037.pdf,1,1,0,native,
DOC-REF-038,reference_letter,reference_letter/DOC-REF-038.pdf,1,1,0,native,
DOC-REF-039,reference_letter,reference_letter/DOC-REF-039.pdf,2,2,0,native,
DOC-REF-040,reference_letter,reference_letter/DOC-REF-040.pdf,2,2,0,native,
DOC-REF-041,reference_letter,reference_letter/DOC-REF-041.pdf,1,1,0,native,
DOC-REF-042,reference_letter,reference_letter/DOC-REF-042.pdf,2,2,0,native,
DOC-REF-043,reference_letter,reference_letter/DOC-REF-043.pdf,1,1,0,native,
DOC-REF-044,reference_letter,reference_letter/DOC-REF-044.pdf,1,1,0,native,
DOC-REF-045,reference_letter,reference_letter/DOC-REF-045.pdf,1,1,0,native,
DOC-REF-046,reference_letter,reference_letter/DOC-REF-046.pdf,1,1,0,native,
DOC-REF-047,reference_letter,reference_letter/DOC-REF-047.pdf,2,2,0,native,
DOC-REF-048,reference_letter,reference_letter/DOC-REF-048.pdf,2,2,0,native,
DOC-REF-049,reference_letter,reference_letter/DOC-REF-049.pdf,2,2,0,native,
DOC-REF-050,reference_letter,reference_letter/DOC-REF-050.pdf,2,2,0,native,
DOC-REF-051,reference_letter,reference_letter/DOC-REF-051.pdf,2,2,0,native,
DOC-REF-052,reference_letter,reference_letter/DOC-REF-052.pdf,1,1,0,native,
DOC-REF-053,reference_letter,reference_letter/DOC-REF-053.pdf,1,1,0,native,
DOC-REF-054,reference_letter,reference_letter/DOC-REF-054.pdf,1,1,0,native,
DOC-REF-055,reference_letter,reference_letter/DOC-REF-055.pdf,1,1,0,native,
DOC-REF-056,reference_letter,reference_letter/DOC-REF-056.pdf,2,2,0,native,
DOC-REF-057,reference_letter,reference_letter/DOC-REF-057.pdf,2,2,0,native,
DOC-REF-058,reference_letter,reference_letter/DOC-REF-058.pdf,1,1,0,native,
DOC-REF-059,reference_letter,reference_letter/DOC-REF-059.pdf,1,1,0,native,
DOC-REF-060,reference_letter,reference_letter/DOC-REF-060.pdf,1,1,0,native,
DOC-REF-061,reference_letter,reference_letter/DOC-REF-061.pdf,2,2,0,native,
DOC-REF-062,reference_letter,reference_letter/DOC-REF-062.pdf,2,2,0,native,
DOC-REF-063,reference_letter,reference_letter/DOC-REF-063.pdf,1,1,0,native,
DOC-REF-064,reference_letter,reference_letter/DOC-REF-064.pdf,1,1,0,native,
DOC-REF-065,reference_letter,reference_letter/DOC-REF-065.pdf,1,1,0,native,
DOC-REF-066,reference_letter,reference_letter/DOC-REF-066.pdf,1,1,0,native,
DOC-REF-067,reference_letter,reference_letter/DOC-REF-067.pdf,1,1,0,native,
DOC-REF-068,reference_letter,reference_letter/DOC-REF-068.pdf,2,2,0,native,
DOC-REF-069,reference_letter,reference_letter/DOC-REF-069.pdf,1,1,0,native,
DOC-REF-070,reference_letter,reference_letter/DOC-REF-070.pdf,1,1,0,native,
DOC-REF-071,reference_letter,reference_letter/DOC-REF-071.pdf,1,1,0,native,
DOC-REF-072,reference_letter,reference_letter/DOC-REF-072.pdf,1,1,0,native,
DOC-REF-073,reference_letter,reference_letter/DOC-REF-073.pdf,1,1,0,native,
DOC-REF-074,reference_letter,reference_letter/DOC-REF-074.pdf,1,1,0,native,
DOC-REF-075,reference_letter,reference_letter/DOC-REF-075.pdf,1,1,0,native,
DOC-REF-076,reference_letter,reference_letter/DOC-REF-076.pdf,1,1,0,native,
DOC-REF-077,reference_letter,reference_letter/DOC-REF-077.pdf,1,1,0,native,
DOC-REF-078,reference_letter,reference_letter/DOC-REF-078.pdf,1,1,0,native,
DOC-REF-079,reference_letter,reference_letter/DOC-REF-079.pdf,1,1,0,native,
DOC-REF-080,reference_letter,reference_letter/DOC-REF-080.pdf,2,2,0,native,
DOC-REF-081,reference_letter,reference_letter/DOC-REF-081.pdf,1,1,0,native,
DOC-REF-082,reference_letter,reference_letter/DOC-REF-082.pdf,1,1,0,native,
DOC-REF-083,reference_letter,reference_letter/DOC-REF-083.pdf,1,1,0,native,
DOC-REF-084,reference_letter,reference_letter/DOC-REF-084.pdf,1,1,0,native,
DOC-REF-085,reference_letter,reference_letter/DOC-REF-085.pdf,2,2,0,native,
DOC-REF-086,reference_letter,reference_letter/DOC-REF-086.pdf,1,1,0,native,
DOC-REF-087,reference_letter,reference_letter/DOC-REF-087.pdf,2,2,0,native,
DOC-REF-088,reference_letter,reference_letter/DOC-REF-088.pdf,1,1,0,native,
DOC-REF-089,reference_letter,reference_letter/DOC-REF-089.pdf,1,1,0,native,
DOC-REF-090,reference_letter,reference_letter/DOC-REF-090.pdf,1,1,0,native,
DOC-REF-091,reference_letter,reference_letter/DOC-REF-091.pdf,2,2,0,native,
DOC-REF-092,reference_letter,reference_letter/DOC-REF-092.pdf,1,1,0,native,
DOC-REF-093,reference_letter,reference_letter/DOC-REF-093.pdf,1,1,0,native,
DOC-REF-094,reference_letter,reference_letter/DOC-REF-094.pdf,2,2,0,native,
DOC-REF-095,reference_letter,reference_letter/DOC-REF-095.pdf,1,1,0,native,
DOC-REF-096,reference_letter,reference_letter/DOC-REF-096.pdf,2,2,0,native,
DOC-REF-097,reference_letter,reference_letter/DOC-REF-097.pdf,1,1,0,native,
DOC-REF-098,reference_letter,reference_letter/DOC-REF-098.pdf,2,2,0,native,
DOC-REF-099,reference_letter,reference_letter/DOC-REF-099.pdf,2,2,0,native,
DOC-REF-100,reference_letter,reference_letter/DOC-REF-100.pdf,2,2,0,native,
DOC-REF-101,reference_letter,reference_letter/DOC-REF-101.pdf,1,1,0,native,
DOC-REF-102,reference_letter,reference_letter/DOC-REF-102.pdf,2,2,0,native,
DOC-REF-103,reference_letter,reference_letter/DOC-REF-103.pdf,2,2,0,native,
DOC-REF-104,reference_letter,reference_letter/DOC-REF-104.pdf,1,1,0,native,
DOC-REF-105,reference_letter,reference_letter/DOC-REF-105.pdf,1,1,0,native,
DOC-REF-106,reference_letter,reference_letter/DOC-REF-106.pdf,2,2,0,native,
DOC-REF-107,reference_letter,reference_letter/DOC-REF-107.pdf,1,1,0,native,
DOC-REF-108,reference_letter,reference_letter/DOC-REF-108.pdf,1,1,0,native,
DOC-REF-109,reference_letter,reference_letter/DOC-REF-109.pdf,2,2,0,native,
DOC-REF-110,reference_letter,reference_letter/DOC-REF-110.pdf,1,1,0,native,
DOC-REF-111,reference_letter,reference_letter/DOC-REF-111.pdf,1,1,0,native,
DOC-REF-112,reference_letter,reference_letter/DOC-REF-112.pdf,1,1,0,native,
DOC-REF-113,reference_letter,reference_letter/DOC-REF-113.pdf,1,1,0,native,
DOC-REF-114,reference_letter,reference_letter/DOC-REF-114.pdf,2,2,0,native,
DOC-REF-115,reference_letter,reference_letter/DOC-REF-115.pdf,2,2,0,native,
DOC-REF-116,reference_letter,reference_letter/DOC-REF-116.pdf,2,2,0,native,
DOC-REF-117,reference_letter,reference_letter/DOC-REF-117.pdf,1,1,0,native,
DOC-REF-118,reference_letter,reference_letter/DOC-REF-118.pdf,1,1,0,native,
DOC-REF-119,reference_letter,reference_letter/DOC-REF-119.pdf,2,2,0,native,
DOC-REF-120,reference_letter,reference_letter/DOC-REF-120.pdf,1,1,0,native,
DOC-REF-121,reference_letter,reference_letter/DOC-REF-121.pdf,2,2,0,native,
DOC-REF-122,reference_letter,reference_letter/DOC-REF-122.pdf,1,1,0,native,
DOC-REF-123,reference_letter,reference_letter/DOC-REF-123.pdf,1,1,0,native,
DOC-REF-124,reference_letter,reference_letter/DOC-REF-124.pdf,2,2,0,native,
DOC-REF-125,reference_letter,reference_letter/DOC-REF-125.pdf,1,1,0,native,
DOC-REF-126,reference_letter,reference_letter/DOC-REF-126.pdf,1,1,0,native,
DOC-REF-127,reference_letter,reference_letter/DOC-REF-127.pdf,2,2,0,native,
DOC-REF-128,reference_letter,reference_letter/DOC-REF-128.pdf,1,1,0,native,
DOC-REF-129,reference_letter,reference_letter/DOC-REF-129.pdf,1,1,0,native,
DOC-REF-130,reference_letter,reference_letter/DOC-REF-130.pdf,1,1,0,native,
DOC-REF-131,reference_letter,reference_letter/DOC-REF-131.pdf,2,2,0,native,
DOC-REF-132,reference_letter,reference_letter/DOC-REF-132.pdf,1,1,0,native,
DOC-XL-AGEING,ageing_workbook,workbooks/Receivables_Ageing.xlsx,,,,workbook_skip,
DOC-XL-ASSETS,asset_register_workbook,workbooks/Plant_and_Machinery_Register.xlsx,,,,workbook_skip,
DOC-XL-BOQ-071,boq_workbook,workbooks/BOQ_and_Measurements_Contract_71.xlsx,,,,workbook_skip,
DOC-XL-BOQ-072,boq_workbook,workbooks/BOQ_and_Measurements_Contract_72.xlsx,,,,workbook_skip,
DOC-XL-BOQ-073,boq_workbook,workbooks/BOQ_and_Measurements_Contract_73.xlsx,,,,workbook_skip,
DOC-XL-BOQ-074,boq_workbook,workbooks/BOQ_and_Measurements_Contract_74.xlsx,,,,workbook_skip,
DOC-XL-BOQ-075,boq_workbook,workbooks/BOQ_and_Measurements_Contract_75.xlsx,,,,workbook_skip,
DOC-XL-BOQ-079,boq_workbook,workbooks/BOQ_and_Measurements_Contract_79.xlsx,,,,workbook_skip,
DOC-XL-TB,trial_balance_workbook,workbooks/Trial_Balance_by_Year.xlsx,,,,workbook_skip,
