doc_id,doc_type,filename,size_bytes
DOC-AR-2024,annual_report,annual_report/DOC-AR-2024.pdf,118743
DOC-AR-2025,annual_report,annual_report/DOC-AR-2025.pdf,120153
DOC-BANK-2019,bank_statement,bank_statement/DOC-BANK-2019.pdf,19666
DOC-BANK-2020,bank_statement,bank_statement/DOC-BANK-2020.pdf,31170
DOC-BANK-2021,bank_statement,bank_statement/DOC-BANK-2021.pdf,38728
DOC-BANK-2022,bank_statement,bank_statement/DOC-BANK-2022.pdf,45692
DOC-BANK-2023,bank_statement,bank_statement/DOC-BANK-2023.pdf,37284
DOC-BANK-2024,bank_statement,bank_statement/DOC-BANK-2024.pdf,37215
DOC-BANK-2025,bank_statement,bank_statement/DOC-BANK-2025.pdf,44310
DOC-BANK-2026,bank_statement,bank_statement/DOC-BANK-2026.pdf,19682
DOC-BOND-00005,performance_bond,performance_bond/DOC-BOND-00005.pdf,88554
DOC-BOND-00006,performance_bond,performance_bond/DOC-BOND-00006.pdf,47342
DOC-BOND-00010,performance_bond,performance_bond/DOC-BOND-00010.pdf,101673
DOC-BOND-00016,performance_bond,performance_bond/DOC-BOND-00016.pdf,74169
DOC-BOND-00024,performance_bond,performance_bond/DOC-BOND-00024.pdf,26499
DOC-BOND-00025,performance_bond,performance_bond/DOC-BOND-00025.pdf,88602
DOC-BOND-00030,performance_bond,performance_bond/DOC-BOND-00030.pdf,88235
DOC-BOND-00032,performance_bond,performance_bond/DOC-BOND-00032.pdf,132866
DOC-BOND-00036,performance_bond,performance_bond/DOC-BOND-00036.pdf,26803
DOC-BOND-00040,performance_bond,performance_bond/DOC-BOND-00040.pdf,46954
DOC-BOND-00044,performance_bond,performance_bond/DOC-BOND-00044.pdf,68021
DOC-BOND-00045,performance_bond,performance_bond/DOC-BOND-00045.pdf,47092
DOC-BOND-00046,performance_bond,performance_bond/DOC-BOND-00046.pdf,47059
DOC-BOND-00047,performance_bond,performance_bond/DOC-BOND-00047.pdf,26729
DOC-BOND-00059,performance_bond,performance_bond/DOC-BOND-00059.pdf,67883
DOC-BOND-00063,performance_bond,performance_bond/DOC-BOND-00063.pdf,47334
DOC-BOND-00064,performance_bond,performance_bond/DOC-BOND-00064.pdf,133033
DOC-BOND-00065,performance_bond,performance_bond/DOC-BOND-00065.pdf,88228
DOC-BOND-00066,performance_bond,performance_bond/DOC-BOND-00066.pdf,133330
DOC-BOND-00067,performance_bond,performance_bond/DOC-BOND-00067.pdf,52276
DOC-BOND-00071,performance_bond,performance_bond/DOC-BOND-00071.pdf,67843
DOC-BOND-00077,performance_bond,performance_bond/DOC-BOND-00077.pdf,74144
DOC-BOND-00082,performance_bond,performance_bond/DOC-BOND-00082.pdf,88551
DOC-BOND-00085,performance_bond,performance_bond/DOC-BOND-00085.pdf,26774
DOC-BOND-00087,performance_bond,performance_bond/DOC-BOND-00087.pdf,52436
DOC-BOND-00091,performance_bond,performance_bond/DOC-BOND-00091.pdf,47092
DOC-BOND-00095,performance_bond,performance_bond/DOC-BOND-00095.pdf,101450
DOC-BOND-00101,performance_bond,performance_bond/DOC-BOND-00101.pdf,26305
DOC-BOND-00105,performance_bond,performance_bond/DOC-BOND-00105.pdf,51973
DOC-BOND-00117,performance_bond,performance_bond/DOC-BOND-00117.pdf,133143
DOC-BOND-00119,performance_bond,performance_bond/DOC-BOND-00119.pdf,88298
DOC-BOND-00120,performance_bond,performance_bond/DOC-BOND-00120.pdf,73767
DOC-BOND-00128,performance_bond,performance_bond/DOC-BOND-00128.pdf,47149
DOC-BOND-00132,performance_bond,performance_bond/DOC-BOND-00132.pdf,26652
DOC-BOND-00136,performance_bond,performance_bond/DOC-BOND-00136.pdf,52310
DOC-BOND-00143,performance_bond,performance_bond/DOC-BOND-00143.pdf,52260
DOC-BOND-00150,performance_bond,performance_bond/DOC-BOND-00150.pdf,101409
DOC-BOND-00160,performance_bond,performance_bond/DOC-BOND-00160.pdf,74385
DOC-BOND-00170,performance_bond,performance_bond/DOC-BOND-00170.pdf,133139
DOC-BOND-00171,performance_bond,performance_bond/DOC-BOND-00171.pdf,67907
DOC-BOND-00174,performance_bond,performance_bond/DOC-BOND-00174.pdf,26572
DOC-BOND-00181,performance_bond,performance_bond/DOC-BOND-00181.pdf,26709
DOC-BOND-00184,performance_bond,performance_bond/DOC-BOND-00184.pdf,101986
DOC-BOND-00189,performance_bond,performance_bond/DOC-BOND-00189.pdf,26878
DOC-BOND-00190,performance_bond,performance_bond/DOC-BOND-00190.pdf,88505
DOC-BOND-00192,performance_bond,performance_bond/DOC-BOND-00192.pdf,133467
DOC-BOND-00202,performance_bond,performance_bond/DOC-BOND-00202.pdf,26485
DOC-BOND-00208,performance_bond,performance_bond/DOC-BOND-00208.pdf,88516
DOC-BOND-00211,performance_bond,performance_bond/DOC-BOND-00211.pdf,26177
DOC-BOND-00212,performance_bond,performance_bond/DOC-BOND-00212.pdf,46919
DOC-BOND-00214,performance_bond,performance_bond/DOC-BOND-00214.pdf,101920
DOC-BOND-00216,performance_bond,performance_bond/DOC-BOND-00216.pdf,88612
DOC-BOND-00217,performance_bond,performance_bond/DOC-BOND-00217.pdf,67710
DOC-BOND-00219,performance_bond,performance_bond/DOC-BOND-00219.pdf,74235
DOC-BOND-00220,performance_bond,performance_bond/DOC-BOND-00220.pdf,88350
DOC-BOND-00225,performance_bond,performance_bond/DOC-BOND-00225.pdf,133164
DOC-BOND-00231,performance_bond,performance_bond/DOC-BOND-00231.pdf,47253
DOC-BOND-00235,performance_bond,performance_bond/DOC-BOND-00235.pdf,47053
DOC-BOND-00236,performance_bond,performance_bond/DOC-BOND-00236.pdf,47285
DOC-BOND-00238,performance_bond,performance_bond/DOC-BOND-00238.pdf,68051
DOC-CC-001,completion_certificate,completion_certificate/DOC-CC-001.pdf,142622
DOC-CC-002,completion_certificate,completion_certificate/DOC-CC-002.pdf,24310
DOC-CC-003,completion_certificate,completion_certificate/DOC-CC-003.pdf,100386
DOC-CC-004,completion_certificate,completion_certificate/DOC-CC-004.pdf,96038
DOC-CC-005,completion_certificate,completion_certificate/DOC-CC-005.pdf,48061
DOC-CC-006,completion_certificate,completion_certificate/DOC-CC-006.pdf,48603
DOC-CC-007,completion_certificate,completion_certificate/DOC-CC-007.pdf,47462
DOC-CC-008,completion_certificate,completion_certificate/DOC-CC-008.pdf,49311
DOC-CC-009,completion_certificate,completion_certificate/DOC-CC-009.pdf,80073
DOC-CC-010,completion_certificate,completion_certificate/DOC-CC-010.pdf,50478
DOC-CC-011,completion_certificate,completion_certificate/DOC-CC-011.pdf,54286
DOC-CC-012,completion_certificate,completion_certificate/DOC-CC-012.pdf,46597
DOC-CC-013,completion_certificate,completion_certificate/DOC-CC-013.pdf,54417
DOC-CC-014,completion_certificate,completion_certificate/DOC-CC-014.pdf,93573
DOC-CC-015,completion_certificate,completion_certificate/DOC-CC-015.pdf,54842
DOC-CC-016,completion_certificate,completion_certificate/DOC-CC-016.pdf,47370
DOC-CC-017,completion_certificate,completion_certificate/DOC-CC-017.pdf,48796
DOC-CC-018,completion_certificate,completion_certificate/DOC-CC-018.pdf,47667
DOC-CC-019,completion_certificate,completion_certificate/DOC-CC-019.pdf,80527
DOC-CC-020,completion_certificate,completion_certificate/DOC-CC-020.pdf,98025
DOC-CC-021,completion_certificate,completion_certificate/DOC-CC-021.pdf,48470
DOC-CC-022,completion_certificate,completion_certificate/DOC-CC-022.pdf,91821
DOC-CC-023,completion_certificate,completion_certificate/DOC-CC-023.pdf,98175
DOC-CC-024,completion_certificate,completion_certificate/DOC-CC-024.pdf,101246
DOC-CC-025,completion_certificate,completion_certificate/DOC-CC-025.pdf,87928
DOC-CC-026,completion_certificate,completion_certificate/DOC-CC-026.pdf,100429
DOC-CC-027,completion_certificate,completion_certificate/DOC-CC-027.pdf,102425
DOC-CC-028,completion_certificate,completion_certificate/DOC-CC-028.pdf,54437
DOC-CC-029,completion_certificate,completion_certificate/DOC-CC-029.pdf,98569
DOC-CC-030,completion_certificate,completion_certificate/DOC-CC-030.pdf,47714
DOC-CC-031,completion_certificate,completion_certificate/DOC-CC-031.pdf,87845
DOC-CC-032,completion_certificate,completion_certificate/DOC-CC-032.pdf,48871
DOC-CC-033,completion_certificate,completion_certificate/DOC-CC-033.pdf,98113
DOC-CC-034,completion_certificate,completion_certificate/DOC-CC-034.pdf,48083
DOC-CC-035,completion_certificate,completion_certificate/DOC-CC-035.pdf,98244
DOC-CC-036,completion_certificate,completion_certificate/DOC-CC-036.pdf,94672
DOC-CC-037,completion_certificate,completion_certificate/DOC-CC-037.pdf,85565
DOC-CC-038,completion_certificate,completion_certificate/DOC-CC-038.pdf,138041
DOC-CC-039,completion_certificate,completion_certificate/DOC-CC-039.pdf,102988
DOC-CC-040,completion_certificate,completion_certificate/DOC-CC-040.pdf,98879
DOC-CC-041,completion_certificate,completion_certificate/DOC-CC-041.pdf,95855
DOC-CC-042,completion_certificate,completion_certificate/DOC-CC-042.pdf,102167
DOC-CC-043,completion_certificate,completion_certificate/DOC-CC-043.pdf,43500
DOC-CC-044,completion_certificate,completion_certificate/DOC-CC-044.pdf,44384
DOC-CC-045,completion_certificate,completion_certificate/DOC-CC-045.pdf,101046
DOC-CC-046,completion_certificate,completion_certificate/DOC-CC-046.pdf,144673
DOC-CC-047,completion_certificate,completion_certificate/DOC-CC-047.pdf,84702
DOC-CC-048,completion_certificate,completion_certificate/DOC-CC-048.pdf,51443
DOC-CC-049,completion_certificate,completion_certificate/DOC-CC-049.pdf,47723
DOC-CC-050,completion_certificate,completion_certificate/DOC-CC-050.pdf,134875
DOC-CC-051,completion_certificate,completion_certificate/DOC-CC-051.pdf,97916
DOC-CC-052,completion_certificate,completion_certificate/DOC-CC-052.pdf,135665
DOC-CC-053,completion_certificate,completion_certificate/DOC-CC-053.pdf,49848
DOC-CC-054,completion_certificate,completion_certificate/DOC-CC-054.pdf,80189
DOC-CC-055,completion_certificate,completion_certificate/DOC-CC-055.pdf,139471
DOC-CC-056,completion_certificate,completion_certificate/DOC-CC-056.pdf,98879
DOC-CC-057,completion_certificate,completion_certificate/DOC-CC-057.pdf,100790
DOC-CC-058,completion_certificate,completion_certificate/DOC-CC-058.pdf,100792
DOC-CC-059,completion_certificate,completion_certificate/DOC-CC-059.pdf,94107
DOC-CC-060,completion_certificate,completion_certificate/DOC-CC-060.pdf,94212
DOC-CC-061,completion_certificate,completion_certificate/DOC-CC-061.pdf,100208
DOC-CC-062,completion_certificate,completion_certificate/DOC-CC-062.pdf,48775
DOC-CC-063,completion_certificate,completion_certificate/DOC-CC-063.pdf,99220
DOC-CC-064,completion_certificate,completion_certificate/DOC-CC-064.pdf,137049
DOC-CC-065,completion_certificate,completion_certificate/DOC-CC-065.pdf,90640
DOC-CC-066,completion_certificate,completion_certificate/DOC-CC-066.pdf,80287
DOC-CC-067,completion_certificate,completion_certificate/DOC-CC-067.pdf,136962
DOC-CC-068,completion_certificate,completion_certificate/DOC-CC-068.pdf,23867
DOC-CC-069,completion_certificate,completion_certificate/DOC-CC-069.pdf,110293
DOC-CC-070,completion_certificate,completion_certificate/DOC-CC-070.pdf,129885
DOC-CC-071,completion_certificate,completion_certificate/DOC-CC-071.pdf,128158
DOC-CC-072,completion_certificate,completion_certificate/DOC-CC-072.pdf,98795
DOC-CC-073,completion_certificate,completion_certificate/DOC-CC-073.pdf,54629
DOC-CC-074,completion_certificate,completion_certificate/DOC-CC-074.pdf,77153
DOC-CC-075,completion_certificate,completion_certificate/DOC-CC-075.pdf,138218
DOC-CC-076,completion_certificate,completion_certificate/DOC-CC-076.pdf,112247
DOC-CC-077,completion_certificate,completion_certificate/DOC-CC-077.pdf,97905
DOC-CC-078,completion_certificate,completion_certificate/DOC-CC-078.pdf,47924
DOC-CC-079,completion_certificate,completion_certificate/DOC-CC-079.pdf,82286
DOC-CC-080,completion_certificate,completion_certificate/DOC-CC-080.pdf,46865
DOC-CC-081,completion_certificate,completion_certificate/DOC-CC-081.pdf,48374
DOC-CC-082,completion_certificate,completion_certificate/DOC-CC-082.pdf,80093
DOC-CC-083,completion_certificate,completion_certificate/DOC-CC-083.pdf,24489
DOC-CC-084,completion_certificate,completion_certificate/DOC-CC-084.pdf,143486
DOC-CC-085,completion_certificate,completion_certificate/DOC-CC-085.pdf,43635
DOC-CC-086,completion_certificate,completion_certificate/DOC-CC-086.pdf,98991
DOC-CC-087,completion_certificate,completion_certificate/DOC-CC-087.pdf,99708
DOC-CC-088,completion_certificate,completion_certificate/DOC-CC-088.pdf,100142
DOC-CC-089,completion_certificate,completion_certificate/DOC-CC-089.pdf,94454
DOC-CC-090,completion_certificate,completion_certificate/DOC-CC-090.pdf,28941
DOC-CC-091,completion_certificate,completion_certificate/DOC-CC-091.pdf,98770
DOC-CC-092,completion_certificate,completion_certificate/DOC-CC-092.pdf,98456
DOC-CC-093,completion_certificate,completion_certificate/DOC-CC-093.pdf,48660
DOC-CC-094,completion_certificate,completion_certificate/DOC-CC-094.pdf,99374
DOC-CC-095,completion_certificate,completion_certificate/DOC-CC-095.pdf,81884
DOC-CC-096,completion_certificate,completion_certificate/DOC-CC-096.pdf,80771
DOC-CC-097,completion_certificate,completion_certificate/DOC-CC-097.pdf,48795
DOC-CC-098,completion_certificate,completion_certificate/DOC-CC-098.pdf,104892
DOC-CC-099,completion_certificate,completion_certificate/DOC-CC-099.pdf,49303
DOC-CC-100,completion_certificate,completion_certificate/DOC-CC-100.pdf,50167
DOC-CC-101,completion_certificate,completion_certificate/DOC-CC-101.pdf,51061
DOC-CC-102,completion_certificate,completion_certificate/DOC-CC-102.pdf,99570
DOC-CC-103,completion_certificate,completion_certificate/DOC-CC-103.pdf,49176
DOC-CC-104,completion_certificate,completion_certificate/DOC-CC-104.pdf,100162
DOC-CC-105,completion_certificate,completion_certificate/DOC-CC-105.pdf,112123
DOC-CC-106,completion_certificate,completion_certificate/DOC-CC-106.pdf,142740
DOC-CC-107,completion_certificate,completion_certificate/DOC-CC-107.pdf,135256
DOC-CC-108,completion_certificate,completion_certificate/DOC-CC-108.pdf,74720
DOC-CC-109,completion_certificate,completion_certificate/DOC-CC-109.pdf,98647
DOC-CC-110,completion_certificate,completion_certificate/DOC-CC-110.pdf,94687
DOC-CC-111,completion_certificate,completion_certificate/DOC-CC-111.pdf,97930
DOC-CC-112,completion_certificate,completion_certificate/DOC-CC-112.pdf,99042
DOC-CC-113,completion_certificate,completion_certificate/DOC-CC-113.pdf,90296
DOC-CC-114,completion_certificate,completion_certificate/DOC-CC-114.pdf,96863
DOC-CC-115,completion_certificate,completion_certificate/DOC-CC-115.pdf,47106
DOC-CC-116,completion_certificate,completion_certificate/DOC-CC-116.pdf,89413
DOC-CC-117,completion_certificate,completion_certificate/DOC-CC-117.pdf,92003
DOC-CC-118,completion_certificate,completion_certificate/DOC-CC-118.pdf,100450
DOC-CC-119,completion_certificate,completion_certificate/DOC-CC-119.pdf,47661
DOC-CC-120,completion_certificate,completion_certificate/DOC-CC-120.pdf,44875
DOC-CC-121,completion_certificate,completion_certificate/DOC-CC-121.pdf,90753
DOC-CC-122,completion_certificate,completion_certificate/DOC-CC-122.pdf,48618
DOC-CC-123,completion_certificate,completion_certificate/DOC-CC-123.pdf,44185
DOC-CC-124,completion_certificate,completion_certificate/DOC-CC-124.pdf,50457
DOC-CC-125,completion_certificate,completion_certificate/DOC-CC-125.pdf,48372
DOC-CC-126,completion_certificate,completion_certificate/DOC-CC-126.pdf,24664
DOC-CC-127,completion_certificate,completion_certificate/DOC-CC-127.pdf,49923
DOC-CC-128,completion_certificate,completion_certificate/DOC-CC-128.pdf,132674
DOC-CC-129,completion_certificate,completion_certificate/DOC-CC-129.pdf,99218
DOC-CC-130,completion_certificate,completion_certificate/DOC-CC-130.pdf,91288
DOC-CC-131,completion_certificate,completion_certificate/DOC-CC-131.pdf,97697
DOC-CC-132,completion_certificate,completion_certificate/DOC-CC-132.pdf,79944
DOC-CC-133,completion_certificate,completion_certificate/DOC-CC-133.pdf,82075
DOC-CC-134,completion_certificate,completion_certificate/DOC-CC-134.pdf,102573
DOC-CC-135,completion_certificate,completion_certificate/DOC-CC-135.pdf,80203
DOC-CC-136,completion_certificate,completion_certificate/DOC-CC-136.pdf,99615
DOC-CC-137,completion_certificate,completion_certificate/DOC-CC-137.pdf,85691
DOC-CC-138,completion_certificate,completion_certificate/DOC-CC-138.pdf,48795
DOC-CC-139,completion_certificate,completion_certificate/DOC-CC-139.pdf,100351
DOC-CC-140,completion_certificate,completion_certificate/DOC-CC-140.pdf,113272
DOC-CC-141,completion_certificate,completion_certificate/DOC-CC-141.pdf,79906
DOC-CC-142,completion_certificate,completion_certificate/DOC-CC-142.pdf,99194
DOC-CC-143,completion_certificate,completion_certificate/DOC-CC-143.pdf,79932
DOC-CC-144,completion_certificate,completion_certificate/DOC-CC-144.pdf,50911
DOC-CC-145,completion_certificate,completion_certificate/DOC-CC-145.pdf,76491
DOC-CC-146,completion_certificate,completion_certificate/DOC-CC-146.pdf,97493
DOC-CC-147,completion_certificate,completion_certificate/DOC-CC-147.pdf,137438
DOC-CC-148,completion_certificate,completion_certificate/DOC-CC-148.pdf,140585
DOC-CC-149,completion_certificate,completion_certificate/DOC-CC-149.pdf,54507
DOC-CC-150,completion_certificate,completion_certificate/DOC-CC-150.pdf,47463
DOC-CC-151,completion_certificate,completion_certificate/DOC-CC-151.pdf,99250
DOC-CC-152,completion_certificate,completion_certificate/DOC-CC-152.pdf,93689
DOC-CC-153,completion_certificate,completion_certificate/DOC-CC-153.pdf,99114
DOC-CC-154,completion_certificate,completion_certificate/DOC-CC-154.pdf,135415
DOC-CC-155,completion_certificate,completion_certificate/DOC-CC-155.pdf,111740
DOC-CCC-001,company_completion_certificate,company_completion_certificate/DOC-CCC-001.pdf,12982
DOC-CCC-002,company_completion_certificate,company_completion_certificate/DOC-CCC-002.pdf,53406
DOC-CCC-003,company_completion_certificate,company_completion_certificate/DOC-CCC-003.pdf,53256
DOC-CCC-004,company_completion_certificate,company_completion_certificate/DOC-CCC-004.pdf,12629
DOC-CCC-005,company_completion_certificate,company_completion_certificate/DOC-CCC-005.pdf,53197
DOC-CCC-006,company_completion_certificate,company_completion_certificate/DOC-CCC-006.pdf,13134
DOC-CCC-007,company_completion_certificate,company_completion_certificate/DOC-CCC-007.pdf,53304
DOC-CCC-008,company_completion_certificate,company_completion_certificate/DOC-CCC-008.pdf,53691
DOC-CCC-009,company_completion_certificate,company_completion_certificate/DOC-CCC-009.pdf,12780
DOC-CCC-010,company_completion_certificate,company_completion_certificate/DOC-CCC-010.pdf,53630
DOC-CCC-011,company_completion_certificate,company_completion_certificate/DOC-CCC-011.pdf,12851
DOC-CCC-012,company_completion_certificate,company_completion_certificate/DOC-CCC-012.pdf,13228
DOC-CCC-013,company_completion_certificate,company_completion_certificate/DOC-CCC-013.pdf,12777
DOC-CCC-014,company_completion_certificate,company_completion_certificate/DOC-CCC-014.pdf,12876
DOC-CCC-015,company_completion_certificate,company_completion_certificate/DOC-CCC-015.pdf,12790
DOC-CCC-016,company_completion_certificate,company_completion_certificate/DOC-CCC-016.pdf,13179
DOC-CCC-017,company_completion_certificate,company_completion_certificate/DOC-CCC-017.pdf,52655
DOC-CCC-018,company_completion_certificate,company_completion_certificate/DOC-CCC-018.pdf,13533
DOC-CCC-019,company_completion_certificate,company_completion_certificate/DOC-CCC-019.pdf,53446
DOC-CCC-020,company_completion_certificate,company_completion_certificate/DOC-CCC-020.pdf,13198
DOC-CCC-021,company_completion_certificate,company_completion_certificate/DOC-CCC-021.pdf,53398
DOC-CCC-022,company_completion_certificate,company_completion_certificate/DOC-CCC-022.pdf,13123
DOC-CCC-023,company_completion_certificate,company_completion_certificate/DOC-CCC-023.pdf,52620
DOC-CCC-024,company_completion_certificate,company_completion_certificate/DOC-CCC-024.pdf,53529
DOC-CCC-025,company_completion_certificate,company_completion_certificate/DOC-CCC-025.pdf,12886
DOC-CCC-026,company_completion_certificate,company_completion_certificate/DOC-CCC-026.pdf,52654
DOC-CCC-027,company_completion_certificate,company_completion_certificate/DOC-CCC-027.pdf,13080
DOC-CCC-028,company_completion_certificate,company_completion_certificate/DOC-CCC-028.pdf,53582
DOC-CCC-029,company_completion_certificate,company_completion_certificate/DOC-CCC-029.pdf,52719
DOC-CCC-030,company_completion_certificate,company_completion_certificate/DOC-CCC-030.pdf,13111
DOC-CCC-031,company_completion_certificate,company_completion_certificate/DOC-CCC-031.pdf,52727
DOC-CCC-032,company_completion_certificate,company_completion_certificate/DOC-CCC-032.pdf,52530
DOC-CCC-033,company_completion_certificate,company_completion_certificate/DOC-CCC-033.pdf,13168
DOC-CCC-034,company_completion_certificate,company_completion_certificate/DOC-CCC-034.pdf,53344
DOC-CCC-035,company_completion_certificate,company_completion_certificate/DOC-CCC-035.pdf,12897
DOC-CCC-036,company_completion_certificate,company_completion_certificate/DOC-CCC-036.pdf,53232
DOC-CCC-037,company_completion_certificate,company_completion_certificate/DOC-CCC-037.pdf,13192
DOC-CCC-038,company_completion_certificate,company_completion_certificate/DOC-CCC-038.pdf,53689
DOC-CCC-039,company_completion_certificate,company_completion_certificate/DOC-CCC-039.pdf,53492
DOC-CCC-040,company_completion_certificate,company_completion_certificate/DOC-CCC-040.pdf,13117
DOC-CCC-041,company_completion_certificate,company_completion_certificate/DOC-CCC-041.pdf,52647
DOC-CCC-042,company_completion_certificate,company_completion_certificate/DOC-CCC-042.pdf,52791
DOC-CCC-043,company_completion_certificate,company_completion_certificate/DOC-CCC-043.pdf,53313
DOC-CCC-044,company_completion_certificate,company_completion_certificate/DOC-CCC-044.pdf,13021
DOC-CCC-045,company_completion_certificate,company_completion_certificate/DOC-CCC-045.pdf,13257
DOC-CCC-046,company_completion_certificate,company_completion_certificate/DOC-CCC-046.pdf,13534
DOC-CCC-047,company_completion_certificate,company_completion_certificate/DOC-CCC-047.pdf,53413
DOC-CCC-048,company_completion_certificate,company_completion_certificate/DOC-CCC-048.pdf,13336
DOC-CCC-049,company_completion_certificate,company_completion_certificate/DOC-CCC-049.pdf,12967
DOC-CCC-050,company_completion_certificate,company_completion_certificate/DOC-CCC-050.pdf,52670
DOC-CCC-051,company_completion_certificate,company_completion_certificate/DOC-CCC-051.pdf,13010
DOC-CCC-052,company_completion_certificate,company_completion_certificate/DOC-CCC-052.pdf,53302
DOC-CCC-053,company_completion_certificate,company_completion_certificate/DOC-CCC-053.pdf,53537
DOC-CCC-054,company_completion_certificate,company_completion_certificate/DOC-CCC-054.pdf,53249
DOC-CCC-055,company_completion_certificate,company_completion_certificate/DOC-CCC-055.pdf,13118
DOC-CCC-056,company_completion_certificate,company_completion_certificate/DOC-CCC-056.pdf,13455
DOC-CCC-057,company_completion_certificate,company_completion_certificate/DOC-CCC-057.pdf,13326
DOC-CCC-058,company_completion_certificate,company_completion_certificate/DOC-CCC-058.pdf,53708
DOC-CCC-059,company_completion_certificate,company_completion_certificate/DOC-CCC-059.pdf,52747
DOC-CCC-060,company_completion_certificate,company_completion_certificate/DOC-CCC-060.pdf,13036
DOC-CCC-061,company_completion_certificate,company_completion_certificate/DOC-CCC-061.pdf,12934
DOC-CCC-062,company_completion_certificate,company_completion_certificate/DOC-CCC-062.pdf,13264
DOC-CCC-063,company_completion_certificate,company_completion_certificate/DOC-CCC-063.pdf,53432
DOC-CCC-064,company_completion_certificate,company_completion_certificate/DOC-CCC-064.pdf,53346
DOC-CCC-065,company_completion_certificate,company_completion_certificate/DOC-CCC-065.pdf,53434
DOC-CCC-066,company_completion_certificate,company_completion_certificate/DOC-CCC-066.pdf,53458
DOC-CCC-067,company_completion_certificate,company_completion_certificate/DOC-CCC-067.pdf,53556
DOC-CCC-068,company_completion_certificate,company_completion_certificate/DOC-CCC-068.pdf,13390
DOC-CCC-069,company_completion_certificate,company_completion_certificate/DOC-CCC-069.pdf,12832
DOC-CCC-070,company_completion_certificate,company_completion_certificate/DOC-CCC-070.pdf,13191
DOC-CCC-071,company_completion_certificate,company_completion_certificate/DOC-CCC-071.pdf,12790
DOC-CCC-072,company_completion_certificate,company_completion_certificate/DOC-CCC-072.pdf,53310
DOC-CCC-073,company_completion_certificate,company_completion_certificate/DOC-CCC-073.pdf,53322
DOC-CCC-074,company_completion_certificate,company_completion_certificate/DOC-CCC-074.pdf,13076
DOC-CCC-075,company_completion_certificate,company_completion_certificate/DOC-CCC-075.pdf,12934
DOC-CCC-076,company_completion_certificate,company_completion_certificate/DOC-CCC-076.pdf,53416
DOC-CCC-077,company_completion_certificate,company_completion_certificate/DOC-CCC-077.pdf,53323
DOC-CCC-078,company_completion_certificate,company_completion_certificate/DOC-CCC-078.pdf,13294
DOC-CCC-079,company_completion_certificate,company_completion_certificate/DOC-CCC-079.pdf,53671
DOC-CCC-080,company_completion_certificate,company_completion_certificate/DOC-CCC-080.pdf,53484
DOC-CCC-081,company_completion_certificate,company_completion_certificate/DOC-CCC-081.pdf,12920
DOC-CCC-082,company_completion_certificate,company_completion_certificate/DOC-CCC-082.pdf,13451
DOC-CCC-083,company_completion_certificate,company_completion_certificate/DOC-CCC-083.pdf,53527
DOC-CCC-084,company_completion_certificate,company_completion_certificate/DOC-CCC-084.pdf,13350
DOC-CCC-085,company_completion_certificate,company_completion_certificate/DOC-CCC-085.pdf,13378
DOC-CCC-086,company_completion_certificate,company_completion_certificate/DOC-CCC-086.pdf,53518
DOC-CCC-087,company_completion_certificate,company_completion_certificate/DOC-CCC-087.pdf,13257
DOC-CCC-088,company_completion_certificate,company_completion_certificate/DOC-CCC-088.pdf,12854
DOC-CCC-089,company_completion_certificate,company_completion_certificate/DOC-CCC-089.pdf,13047
DOC-CCC-090,company_completion_certificate,company_completion_certificate/DOC-CCC-090.pdf,13329
DOC-CCC-091,company_completion_certificate,company_completion_certificate/DOC-CCC-091.pdf,53563
DOC-CCC-092,company_completion_certificate,company_completion_certificate/DOC-CCC-092.pdf,13194
DOC-CCC-093,company_completion_certificate,company_completion_certificate/DOC-CCC-093.pdf,12999
DOC-CCC-094,company_completion_certificate,company_completion_certificate/DOC-CCC-094.pdf,13126
DOC-CCC-095,company_completion_certificate,company_completion_certificate/DOC-CCC-095.pdf,53581
DOC-CCC-096,company_completion_certificate,company_completion_certificate/DOC-CCC-096.pdf,53534
DOC-CCC-097,company_completion_certificate,company_completion_certificate/DOC-CCC-097.pdf,53559
DOC-CCC-098,company_completion_certificate,company_completion_certificate/DOC-CCC-098.pdf,13200
DOC-CCC-099,company_completion_certificate,company_completion_certificate/DOC-CCC-099.pdf,53606
DOC-CCC-100,company_completion_certificate,company_completion_certificate/DOC-CCC-100.pdf,53438
DOC-CCC-101,company_completion_certificate,company_completion_certificate/DOC-CCC-101.pdf,13405
DOC-CCC-102,company_completion_certificate,company_completion_certificate/DOC-CCC-102.pdf,13285
DOC-CCC-103,company_completion_certificate,company_completion_certificate/DOC-CCC-103.pdf,53497
DOC-CCC-104,company_completion_certificate,company_completion_certificate/DOC-CCC-104.pdf,13373
DOC-CCC-105,company_completion_certificate,company_completion_certificate/DOC-CCC-105.pdf,13120
DOC-CCC-106,company_completion_certificate,company_completion_certificate/DOC-CCC-106.pdf,53442
DOC-CCC-107,company_completion_certificate,company_completion_certificate/DOC-CCC-107.pdf,13279
DOC-CCC-108,company_completion_certificate,company_completion_certificate/DOC-CCC-108.pdf,13258
DOC-CCC-109,company_completion_certificate,company_completion_certificate/DOC-CCC-109.pdf,53369
DOC-CCC-110,company_completion_certificate,company_completion_certificate/DOC-CCC-110.pdf,53307
DOC-CCC-111,company_completion_certificate,company_completion_certificate/DOC-CCC-111.pdf,53269
DOC-CCC-112,company_completion_certificate,company_completion_certificate/DOC-CCC-112.pdf,13133
DOC-CCC-113,company_completion_certificate,company_completion_certificate/DOC-CCC-113.pdf,52528
DOC-CCC-114,company_completion_certificate,company_completion_certificate/DOC-CCC-114.pdf,53378
DOC-CCC-115,company_completion_certificate,company_completion_certificate/DOC-CCC-115.pdf,13121
DOC-CCC-116,company_completion_certificate,company_completion_certificate/DOC-CCC-116.pdf,53332
DOC-CCC-117,company_completion_certificate,company_completion_certificate/DOC-CCC-117.pdf,52620
DOC-CCC-118,company_completion_certificate,company_completion_certificate/DOC-CCC-118.pdf,53685
DOC-CCC-119,company_completion_certificate,company_completion_certificate/DOC-CCC-119.pdf,53523
DOC-CCC-120,company_completion_certificate,company_completion_certificate/DOC-CCC-120.pdf,52718
DOC-CCC-121,company_completion_certificate,company_completion_certificate/DOC-CCC-121.pdf,53304
DOC-CCC-122,company_completion_certificate,company_completion_certificate/DOC-CCC-122.pdf,53422
DOC-CCC-123,company_completion_certificate,company_completion_certificate/DOC-CCC-123.pdf,53322
DOC-CCC-124,company_completion_certificate,company_completion_certificate/DOC-CCC-124.pdf,52680
DOC-CCC-125,company_completion_certificate,company_completion_certificate/DOC-CCC-125.pdf,53287
DOC-CCC-126,company_completion_certificate,company_completion_certificate/DOC-CCC-126.pdf,13269
DOC-CCC-127,company_completion_certificate,company_completion_certificate/DOC-CCC-127.pdf,13506
DOC-CCC-128,company_completion_certificate,company_completion_certificate/DOC-CCC-128.pdf,13089
DOC-CCC-129,company_completion_certificate,company_completion_certificate/DOC-CCC-129.pdf,13319
DOC-CCC-130,company_completion_certificate,company_completion_certificate/DOC-CCC-130.pdf,13431
DOC-CCC-131,company_completion_certificate,company_completion_certificate/DOC-CCC-131.pdf,12938
DOC-CCC-132,company_completion_certificate,company_completion_certificate/DOC-CCC-132.pdf,53355
DOC-CCC-133,company_completion_certificate,company_completion_certificate/DOC-CCC-133.pdf,53600
DOC-CCC-134,company_completion_certificate,company_completion_certificate/DOC-CCC-134.pdf,52843
DOC-CCC-135,company_completion_certificate,company_completion_certificate/DOC-CCC-135.pdf,13372
DOC-CCC-136,company_completion_certificate,company_completion_certificate/DOC-CCC-136.pdf,53410
DOC-CCC-137,company_completion_certificate,company_completion_certificate/DOC-CCC-137.pdf,13215
DOC-CCC-138,company_completion_certificate,company_completion_certificate/DOC-CCC-138.pdf,13522
DOC-CCC-139,company_completion_certificate,company_completion_certificate/DOC-CCC-139.pdf,53503
DOC-CCC-140,company_completion_certificate,company_completion_certificate/DOC-CCC-140.pdf,53382
DOC-CCC-141,company_completion_certificate,company_completion_certificate/DOC-CCC-141.pdf,12657
DOC-CCC-142,company_completion_certificate,company_completion_certificate/DOC-CCC-142.pdf,53315
DOC-CCC-143,company_completion_certificate,company_completion_certificate/DOC-CCC-143.pdf,53325
DOC-CCC-144,company_completion_certificate,company_completion_certificate/DOC-CCC-144.pdf,53521
DOC-CCC-145,company_completion_certificate,company_completion_certificate/DOC-CCC-145.pdf,12883
DOC-CCC-146,company_completion_certificate,company_completion_certificate/DOC-CCC-146.pdf,13324
DOC-CCC-147,company_completion_certificate,company_completion_certificate/DOC-CCC-147.pdf,52711
DOC-CCC-148,company_completion_certificate,company_completion_certificate/DOC-CCC-148.pdf,52809
DOC-CCC-149,company_completion_certificate,company_completion_certificate/DOC-CCC-149.pdf,53363
DOC-CCC-150,company_completion_certificate,company_completion_certificate/DOC-CCC-150.pdf,53422
DOC-CCC-151,company_completion_certificate,company_completion_certificate/DOC-CCC-151.pdf,53257
DOC-CCC-152,company_completion_certificate,company_completion_certificate/DOC-CCC-152.pdf,13110
DOC-CCC-153,company_completion_certificate,company_completion_certificate/DOC-CCC-153.pdf,13338
DOC-CCC-154,company_completion_certificate,company_completion_certificate/DOC-CCC-154.pdf,13303
DOC-CCC-155,company_completion_certificate,company_completion_certificate/DOC-CCC-155.pdf,12982
DOC-CERT-001,iso_certificate,iso_certificate/DOC-CERT-001.pdf,64895
DOC-CERT-002,iso_certificate,iso_certificate/DOC-CERT-002.pdf,65096
DOC-CERT-003,iso_certificate,iso_certificate/DOC-CERT-003.pdf,52236
DOC-CERT-004,iso_certificate,iso_certificate/DOC-CERT-004.pdf,47368
DOC-CERT-005,iso_certificate,iso_certificate/DOC-CERT-005.pdf,62927
DOC-CM-0005,compliance_matrix,compliance_matrix/DOC-CM-0005.pdf,19592
DOC-CM-0006,compliance_matrix,compliance_matrix/DOC-CM-0006.pdf,19576
DOC-CM-0010,compliance_matrix,compliance_matrix/DOC-CM-0010.pdf,65196
DOC-CM-0016,compliance_matrix,compliance_matrix/DOC-CM-0016.pdf,65119
DOC-CM-0025,compliance_matrix,compliance_matrix/DOC-CM-0025.pdf,19849
DOC-CM-0026,compliance_matrix,compliance_matrix/DOC-CM-0026.pdf,19708
DOC-CM-0031,compliance_matrix,compliance_matrix/DOC-CM-0031.pdf,19686
DOC-CM-0033,compliance_matrix,compliance_matrix/DOC-CM-0033.pdf,64947
DOC-CM-0038,compliance_matrix,compliance_matrix/DOC-CM-0038.pdf,65240
DOC-CM-0042,compliance_matrix,compliance_matrix/DOC-CM-0042.pdf,65160
DOC-CM-0047,compliance_matrix,compliance_matrix/DOC-CM-0047.pdf,65316
DOC-CM-0048,compliance_matrix,compliance_matrix/DOC-CM-0048.pdf,65346
DOC-CM-0049,compliance_matrix,compliance_matrix/DOC-CM-0049.pdf,65333
DOC-CM-0050,compliance_matrix,compliance_matrix/DOC-CM-0050.pdf,19703
DOC-CM-0063,compliance_matrix,compliance_matrix/DOC-CM-0063.pdf,65072
DOC-CM-0067,compliance_matrix,compliance_matrix/DOC-CM-0067.pdf,65338
DOC-CM-0068,compliance_matrix,compliance_matrix/DOC-CM-0068.pdf,19756
DOC-CM-0069,compliance_matrix,compliance_matrix/DOC-CM-0069.pdf,65230
DOC-CM-0070,compliance_matrix,compliance_matrix/DOC-CM-0070.pdf,65349
DOC-CM-0071,compliance_matrix,compliance_matrix/DOC-CM-0071.pdf,19756
DOC-CM-0076,compliance_matrix,compliance_matrix/DOC-CM-0076.pdf,19677
DOC-CM-0083,compliance_matrix,compliance_matrix/DOC-CM-0083.pdf,65264
DOC-CM-0088,compliance_matrix,compliance_matrix/DOC-CM-0088.pdf,19749
DOC-CM-0091,compliance_matrix,compliance_matrix/DOC-CM-0091.pdf,19661
DOC-CM-0094,compliance_matrix,compliance_matrix/DOC-CM-0094.pdf,19731
DOC-CM-0099,compliance_matrix,compliance_matrix/DOC-CM-0099.pdf,19566
DOC-CM-0103,compliance_matrix,compliance_matrix/DOC-CM-0103.pdf,19915
DOC-CM-0111,compliance_matrix,compliance_matrix/DOC-CM-0111.pdf,65195
DOC-CM-0116,compliance_matrix,compliance_matrix/DOC-CM-0116.pdf,19655
DOC-CM-0128,compliance_matrix,compliance_matrix/DOC-CM-0128.pdf,65204
DOC-CM-0130,compliance_matrix,compliance_matrix/DOC-CM-0130.pdf,65067
DOC-CM-0131,compliance_matrix,compliance_matrix/DOC-CM-0131.pdf,19695
DOC-CM-0142,compliance_matrix,compliance_matrix/DOC-CM-0142.pdf,65191
DOC-CM-0146,compliance_matrix,compliance_matrix/DOC-CM-0146.pdf,65152
DOC-CM-0151,compliance_matrix,compliance_matrix/DOC-CM-0151.pdf,19683
DOC-CM-0158,compliance_matrix,compliance_matrix/DOC-CM-0158.pdf,19874
DOC-CM-0165,compliance_matrix,compliance_matrix/DOC-CM-0165.pdf,65207
DOC-CM-0175,compliance_matrix,compliance_matrix/DOC-CM-0175.pdf,19927
DOC-CM-0185,compliance_matrix,compliance_matrix/DOC-CM-0185.pdf,19874
DOC-CM-0186,compliance_matrix,compliance_matrix/DOC-CM-0186.pdf,19909
DOC-CV-001,cv,cv/DOC-CV-001.pdf,60034
DOC-CV-002,cv,cv/DOC-CV-002.pdf,60213
DOC-CV-003,cv,cv/DOC-CV-003.pdf,59972
DOC-CV-004,cv,cv/DOC-CV-004.pdf,59958
DOC-CV-005,cv,cv/DOC-CV-005.pdf,60123
DOC-CV-006,cv,cv/DOC-CV-006.pdf,59949
DOC-CV-007,cv,cv/DOC-CV-007.pdf,59887
DOC-CV-008,cv,cv/DOC-CV-008.pdf,60119
DOC-CV-009,cv,cv/DOC-CV-009.pdf,60016
DOC-CV-010,cv,cv/DOC-CV-010.pdf,60014
DOC-CV-011,cv,cv/DOC-CV-011.pdf,60007
DOC-CV-012,cv,cv/DOC-CV-012.pdf,60041
DOC-CV-013,cv,cv/DOC-CV-013.pdf,60355
DOC-CV-014,cv,cv/DOC-CV-014.pdf,60127
DOC-CV-015,cv,cv/DOC-CV-015.pdf,60129
DOC-CV-016,cv,cv/DOC-CV-016.pdf,60068
DOC-CV-017,cv,cv/DOC-CV-017.pdf,60134
DOC-CV-018,cv,cv/DOC-CV-018.pdf,60044
DOC-CV-019,cv,cv/DOC-CV-019.pdf,59977
DOC-CV-020,cv,cv/DOC-CV-020.pdf,60114
DOC-CV-021,cv,cv/DOC-CV-021.pdf,60118
DOC-CV-022,cv,cv/DOC-CV-022.pdf,60130
DOC-CV-023,cv,cv/DOC-CV-023.pdf,59880
DOC-CV-024,cv,cv/DOC-CV-024.pdf,59898
DOC-CV-025,cv,cv/DOC-CV-025.pdf,59982
DOC-CV-026,cv,cv/DOC-CV-026.pdf,60035
DOC-CV-027,cv,cv/DOC-CV-027.pdf,60069
DOC-CV-028,cv,cv/DOC-CV-028.pdf,60131
DOC-CV-029,cv,cv/DOC-CV-029.pdf,60038
DOC-CV-030,cv,cv/DOC-CV-030.pdf,60071
DOC-CV-031,cv,cv/DOC-CV-031.pdf,60129
DOC-CV-032,cv,cv/DOC-CV-032.pdf,60118
DOC-CV-033,cv,cv/DOC-CV-033.pdf,59891
DOC-CV-034,cv,cv/DOC-CV-034.pdf,59965
DOC-CV-035,cv,cv/DOC-CV-035.pdf,59990
DOC-CV-036,cv,cv/DOC-CV-036.pdf,59866
DOC-CV-037,cv,cv/DOC-CV-037.pdf,60119
DOC-CV-038,cv,cv/DOC-CV-038.pdf,60340
DOC-CV-039,cv,cv/DOC-CV-039.pdf,60076
DOC-DOSSIER-0165,tender_dossier,tender_dossier/DOC-DOSSIER-0165.pdf,147906
DOC-DOSSIER-0205,tender_dossier,tender_dossier/DOC-DOSSIER-0205.pdf,148456
DOC-DOSSIER-0206,tender_dossier,tender_dossier/DOC-DOSSIER-0206.pdf,148507
DOC-DOSSIER-0326,tender_dossier,tender_dossier/DOC-DOSSIER-0326.pdf,148312
DOC-DOSSIER-0333,tender_dossier,tender_dossier/DOC-DOSSIER-0333.pdf,148372
DOC-DOSSIER-0338,tender_dossier,tender_dossier/DOC-DOSSIER-0338.pdf,148432
DOC-FINBILL-0071,final_ra_bill,final_ra_bill/DOC-FINBILL-0071.pdf,69552
DOC-FINBILL-0072,final_ra_bill,final_ra_bill/DOC-FINBILL-0072.pdf,57862
DOC-FINBILL-0073,final_ra_bill,final_ra_bill/DOC-FINBILL-0073.pdf,62402
DOC-FINBILL-0074,final_ra_bill,final_ra_bill/DOC-FINBILL-0074.pdf,79025
DOC-FINBILL-0075,final_ra_bill,final_ra_bill/DOC-FINBILL-0075.pdf,76111
DOC-FINBILL-0079,final_ra_bill,final_ra_bill/DOC-FINBILL-0079.pdf,64204
DOC-FS-2019,financial_statement,financial_statement/DOC-FS-2019.pdf,91814
DOC-FS-2020,financial_statement,financial_statement/DOC-FS-2020.pdf,91243
DOC-FS-2021,financial_statement,financial_statement/DOC-FS-2021.pdf,55092
DOC-FS-2022,financial_statement,financial_statement/DOC-FS-2022.pdf,51468
DOC-FS-2023,financial_statement,financial_statement/DOC-FS-2023.pdf,55034
DOC-FS-2024,financial_statement,financial_statement/DOC-FS-2024.pdf,34085
DOC-FS-2025,financial_statement,financial_statement/DOC-FS-2025.pdf,54659
DOC-GLB-2019,general_ledger_book,general_ledger_book/DOC-GLB-2019.pdf,62934
DOC-GLB-2020,general_ledger_book,general_ledger_book/DOC-GLB-2020.pdf,146453
DOC-GLB-2021,general_ledger_book,general_ledger_book/DOC-GLB-2021.pdf,203951
DOC-GLB-2022,general_ledger_book,general_ledger_book/DOC-GLB-2022.pdf,251996
DOC-GLB-2023,general_ledger_book,general_ledger_book/DOC-GLB-2023.pdf,180310
DOC-GLB-2024,general_ledger_book,general_ledger_book/DOC-GLB-2024.pdf,180011
DOC-GLB-2025,general_ledger_book,general_ledger_book/DOC-GLB-2025.pdf,227110
DOC-GLB-2026,general_ledger_book,general_ledger_book/DOC-GLB-2026.pdf,33422
DOC-PCERT-006,personnel_certificate,personnel_certificate/DOC-PCERT-006.pdf,48589
DOC-PCERT-007,personnel_certificate,personnel_certificate/DOC-PCERT-007.pdf,48434
DOC-PCERT-008,personnel_certificate,personnel_certificate/DOC-PCERT-008.pdf,48744
DOC-PCERT-009,personnel_certificate,personnel_certificate/DOC-PCERT-009.pdf,38525
DOC-PCERT-010,personnel_certificate,personnel_certificate/DOC-PCERT-010.pdf,48517
DOC-PCERT-011,personnel_certificate,personnel_certificate/DOC-PCERT-011.pdf,48279
DOC-PCERT-012,personnel_certificate,personnel_certificate/DOC-PCERT-012.pdf,38308
DOC-PCERT-013,personnel_certificate,personnel_certificate/DOC-PCERT-013.pdf,48635
DOC-PCERT-014,personnel_certificate,personnel_certificate/DOC-PCERT-014.pdf,38268
DOC-PCERT-015,personnel_certificate,personnel_certificate/DOC-PCERT-015.pdf,38400
DOC-PCERT-016,personnel_certificate,personnel_certificate/DOC-PCERT-016.pdf,48673
DOC-PCERT-017,personnel_certificate,personnel_certificate/DOC-PCERT-017.pdf,48451
DOC-PCERT-018,personnel_certificate,personnel_certificate/DOC-PCERT-018.pdf,38599
DOC-PCERT-019,personnel_certificate,personnel_certificate/DOC-PCERT-019.pdf,38464
DOC-PCERT-020,personnel_certificate,personnel_certificate/DOC-PCERT-020.pdf,48537
DOC-PCERT-021,personnel_certificate,personnel_certificate/DOC-PCERT-021.pdf,48476
DOC-PCERT-022,personnel_certificate,personnel_certificate/DOC-PCERT-022.pdf,38545
DOC-PCERT-023,personnel_certificate,personnel_certificate/DOC-PCERT-023.pdf,38403
DOC-PCERT-024,personnel_certificate,personnel_certificate/DOC-PCERT-024.pdf,48735
DOC-PCERT-025,personnel_certificate,personnel_certificate/DOC-PCERT-025.pdf,38436
DOC-PCERT-026,personnel_certificate,personnel_certificate/DOC-PCERT-026.pdf,48663
DOC-PCERT-027,personnel_certificate,personnel_certificate/DOC-PCERT-027.pdf,48762
DOC-PCERT-028,personnel_certificate,personnel_certificate/DOC-PCERT-028.pdf,48439
DOC-PCERT-029,personnel_certificate,personnel_certificate/DOC-PCERT-029.pdf,48374
DOC-PCERT-030,personnel_certificate,personnel_certificate/DOC-PCERT-030.pdf,38156
DOC-PCERT-031,personnel_certificate,personnel_certificate/DOC-PCERT-031.pdf,48364
DOC-PCERT-032,personnel_certificate,personnel_certificate/DOC-PCERT-032.pdf,38354
DOC-PCERT-033,personnel_certificate,personnel_certificate/DOC-PCERT-033.pdf,38614
DOC-PCERT-034,personnel_certificate,personnel_certificate/DOC-PCERT-034.pdf,38429
DOC-PCERT-035,personnel_certificate,personnel_certificate/DOC-PCERT-035.pdf,38520
DOC-PCERT-036,personnel_certificate,personnel_certificate/DOC-PCERT-036.pdf,48618
DOC-PCERT-037,personnel_certificate,personnel_certificate/DOC-PCERT-037.pdf,48529
DOC-PCERT-038,personnel_certificate,personnel_certificate/DOC-PCERT-038.pdf,38481
DOC-PCERT-039,personnel_certificate,personnel_certificate/DOC-PCERT-039.pdf,48774
DOC-PCERT-040,personnel_certificate,personnel_certificate/DOC-PCERT-040.pdf,48633
DOC-PCERT-041,personnel_certificate,personnel_certificate/DOC-PCERT-041.pdf,38628
DOC-PCERT-042,personnel_certificate,personnel_certificate/DOC-PCERT-042.pdf,48577
DOC-PCERT-043,personnel_certificate,personnel_certificate/DOC-PCERT-043.pdf,48953
DOC-PCERT-044,personnel_certificate,personnel_certificate/DOC-PCERT-044.pdf,48750
DOC-PCERT-156,personnel_certificate,personnel_certificate/DOC-PCERT-156.pdf,48581
DOC-PCERT-157,personnel_certificate,personnel_certificate/DOC-PCERT-157.pdf,41743
DOC-PCERT-158,personnel_certificate,personnel_certificate/DOC-PCERT-158.pdf,48764
DOC-PCERT-159,personnel_certificate,personnel_certificate/DOC-PCERT-159.pdf,41777
DOC-PCERT-160,personnel_certificate,personnel_certificate/DOC-PCERT-160.pdf,41531
DOC-PCERT-161,personnel_certificate,personnel_certificate/DOC-PCERT-161.pdf,41675
DOC-PCERT-162,personnel_certificate,personnel_certificate/DOC-PCERT-162.pdf,48587
DOC-PCERT-163,personnel_certificate,personnel_certificate/DOC-PCERT-163.pdf,48798
DOC-PCERT-164,personnel_certificate,personnel_certificate/DOC-PCERT-164.pdf,48763
DOC-PPP-001,past_performance_portfolio,past_performance_portfolio/DOC-PPP-001.pdf,134300
DOC-RABILL-00344,ra_bill,ra_bill/DOC-RABILL-00344.pdf,29688
DOC-RABILL-00345,ra_bill,ra_bill/DOC-RABILL-00345.pdf,29900
DOC-RABILL-00424,ra_bill,ra_bill/DOC-RABILL-00424.pdf,29688
DOC-RABILL-00425,ra_bill,ra_bill/DOC-RABILL-00425.pdf,29841
DOC-RABILL-00434,ra_bill,ra_bill/DOC-RABILL-00434.pdf,29900
DOC-RABILL-00435,ra_bill,ra_bill/DOC-RABILL-00435.pdf,29891
DOC-REF-001,reference_letter,reference_letter/DOC-REF-001.pdf,87546
DOC-REF-002,reference_letter,reference_letter/DOC-REF-002.pdf,12657
DOC-REF-003,reference_letter,reference_letter/DOC-REF-003.pdf,12666
DOC-REF-004,reference_letter,reference_letter/DOC-REF-004.pdf,60690
DOC-REF-005,reference_letter,reference_letter/DOC-REF-005.pdf,59306
DOC-REF-006,reference_letter,reference_letter/DOC-REF-006.pdf,60351
DOC-REF-007,reference_letter,reference_letter/DOC-REF-007.pdf,12404
DOC-REF-008,reference_letter,reference_letter/DOC-REF-008.pdf,95416
DOC-REF-009,reference_letter,reference_letter/DOC-REF-009.pdf,47818
DOC-REF-010,reference_letter,reference_letter/DOC-REF-010.pdf,52647
DOC-REF-011,reference_letter,reference_letter/DOC-REF-011.pdf,12245
DOC-REF-012,reference_letter,reference_letter/DOC-REF-012.pdf,53022
DOC-REF-013,reference_letter,reference_letter/DOC-REF-013.pdf,12501
DOC-REF-014,reference_letter,reference_letter/DOC-REF-014.pdf,61718
DOC-REF-015,reference_letter,reference_letter/DOC-REF-015.pdf,12873
DOC-REF-016,reference_letter,reference_letter/DOC-REF-016.pdf,82469
DOC-REF-017,reference_letter,reference_letter/DOC-REF-017.pdf,58848
DOC-REF-018,reference_letter,reference_letter/DOC-REF-018.pdf,55053
DOC-REF-019,reference_letter,reference_letter/DOC-REF-019.pdf,58824
DOC-REF-020,reference_letter,reference_letter/DOC-REF-020.pdf,46445
DOC-REF-021,reference_letter,reference_letter/DOC-REF-021.pdf,12573
DOC-REF-022,reference_letter,reference_letter/DOC-REF-022.pdf,46575
DOC-REF-023,reference_letter,reference_letter/DOC-REF-023.pdf,14721
DOC-REF-024,reference_letter,reference_letter/DOC-REF-024.pdf,48826
DOC-REF-025,reference_letter,reference_letter/DOC-REF-025.pdf,19929
DOC-REF-026,reference_letter,reference_letter/DOC-REF-026.pdf,13498
DOC-REF-027,reference_letter,reference_letter/DOC-REF-027.pdf,12839
DOC-REF-028,reference_letter,reference_letter/DOC-REF-028.pdf,49238
DOC-REF-029,reference_letter,reference_letter/DOC-REF-029.pdf,15816
DOC-REF-030,reference_letter,reference_letter/DOC-REF-030.pdf,12041
DOC-REF-031,reference_letter,reference_letter/DOC-REF-031.pdf,12932
DOC-REF-032,reference_letter,reference_letter/DOC-REF-032.pdf,92192
DOC-REF-033,reference_letter,reference_letter/DOC-REF-033.pdf,83688
DOC-REF-034,reference_letter,reference_letter/DOC-REF-034.pdf,49593
DOC-REF-035,reference_letter,reference_letter/DOC-REF-035.pdf,13057
DOC-REF-036,reference_letter,reference_letter/DOC-REF-036.pdf,14392
DOC-REF-037,reference_letter,reference_letter/DOC-REF-037.pdf,47188
DOC-REF-038,reference_letter,reference_letter/DOC-REF-038.pdf,47235
DOC-REF-039,reference_letter,reference_letter/DOC-REF-039.pdf,59560
DOC-REF-040,reference_letter,reference_letter/DOC-REF-040.pdf,100159
DOC-REF-041,reference_letter,reference_letter/DOC-REF-041.pdf,32677
DOC-REF-042,reference_letter,reference_letter/DOC-REF-042.pdf,59314
DOC-REF-043,reference_letter,reference_letter/DOC-REF-043.pdf,82665
DOC-REF-044,reference_letter,reference_letter/DOC-REF-044.pdf,46757
DOC-REF-045,reference_letter,reference_letter/DOC-REF-045.pdf,82555
DOC-REF-046,reference_letter,reference_letter/DOC-REF-046.pdf,47731
DOC-REF-047,reference_letter,reference_letter/DOC-REF-047.pdf,95011
DOC-REF-048,reference_letter,reference_letter/DOC-REF-048.pdf,97477
DOC-REF-049,reference_letter,reference_letter/DOC-REF-049.pdf,54659
DOC-REF-050,reference_letter,reference_letter/DOC-REF-050.pdf,56241
DOC-REF-051,reference_letter,reference_letter/DOC-REF-051.pdf,62727
DOC-REF-052,reference_letter,reference_letter/DOC-REF-052.pdf,12897
DOC-REF-053,reference_letter,reference_letter/DOC-REF-053.pdf,12867
DOC-REF-054,reference_letter,reference_letter/DOC-REF-054.pdf,48044
DOC-REF-055,reference_letter,reference_letter/DOC-REF-055.pdf,12835
DOC-REF-056,reference_letter,reference_letter/DOC-REF-056.pdf,96226
DOC-REF-057,reference_letter,reference_letter/DOC-REF-057.pdf,103482
DOC-REF-058,reference_letter,reference_letter/DOC-REF-058.pdf,83709
DOC-REF-059,reference_letter,reference_letter/DOC-REF-059.pdf,54951
DOC-REF-060,reference_letter,reference_letter/DOC-REF-060.pdf,46506
DOC-REF-061,reference_letter,reference_letter/DOC-REF-061.pdf,69214
DOC-REF-062,reference_letter,reference_letter/DOC-REF-062.pdf,95073
DOC-REF-063,reference_letter,reference_letter/DOC-REF-063.pdf,11894
DOC-REF-064,reference_letter,reference_letter/DOC-REF-064.pdf,20294
DOC-REF-065,reference_letter,reference_letter/DOC-REF-065.pdf,47209
DOC-REF-066,reference_letter,reference_letter/DOC-REF-066.pdf,53852
DOC-REF-067,reference_letter,reference_letter/DOC-REF-067.pdf,19540
DOC-REF-068,reference_letter,reference_letter/DOC-REF-068.pdf,57554
DOC-REF-069,reference_letter,reference_letter/DOC-REF-069.pdf,12464
DOC-REF-070,reference_letter,reference_letter/DOC-REF-070.pdf,32422
DOC-REF-071,reference_letter,reference_letter/DOC-REF-071.pdf,49536
DOC-REF-072,reference_letter,reference_letter/DOC-REF-072.pdf,46592
DOC-REF-073,reference_letter,reference_letter/DOC-REF-073.pdf,33474
DOC-REF-074,reference_letter,reference_letter/DOC-REF-074.pdf,46849
DOC-REF-075,reference_letter,reference_letter/DOC-REF-075.pdf,55044
DOC-REF-076,reference_letter,reference_letter/DOC-REF-076.pdf,12195
DOC-REF-077,reference_letter,reference_letter/DOC-REF-077.pdf,12659
DOC-REF-078,reference_letter,reference_letter/DOC-REF-078.pdf,49168
DOC-REF-079,reference_letter,reference_letter/DOC-REF-079.pdf,46662
DOC-REF-080,reference_letter,reference_letter/DOC-REF-080.pdf,41967
DOC-REF-081,reference_letter,reference_letter/DOC-REF-081.pdf,47379
DOC-REF-082,reference_letter,reference_letter/DOC-REF-082.pdf,47047
DOC-REF-083,reference_letter,reference_letter/DOC-REF-083.pdf,46721
DOC-REF-084,reference_letter,reference_letter/DOC-REF-084.pdf,12416
DOC-REF-085,reference_letter,reference_letter/DOC-REF-085.pdf,94810
DOC-REF-086,reference_letter,reference_letter/DOC-REF-086.pdf,82367
DOC-REF-087,reference_letter,reference_letter/DOC-REF-087.pdf,61807
DOC-REF-088,reference_letter,reference_letter/DOC-REF-088.pdf,14998
DOC-REF-089,reference_letter,reference_letter/DOC-REF-089.pdf,12309
DOC-REF-090,reference_letter,reference_letter/DOC-REF-090.pdf,47728
DOC-REF-091,reference_letter,reference_letter/DOC-REF-091.pdf,60440
DOC-REF-092,reference_letter,reference_letter/DOC-REF-092.pdf,12673
DOC-REF-093,reference_letter,reference_letter/DOC-REF-093.pdf,20219
DOC-REF-094,reference_letter,reference_letter/DOC-REF-094.pdf,96776
DOC-REF-095,reference_letter,reference_letter/DOC-REF-095.pdf,83537
DOC-REF-096,reference_letter,reference_letter/DOC-REF-096.pdf,33578
DOC-REF-097,reference_letter,reference_letter/DOC-REF-097.pdf,46400
DOC-REF-098,reference_letter,reference_letter/DOC-REF-098.pdf,56057
DOC-REF-099,reference_letter,reference_letter/DOC-REF-099.pdf,57697
DOC-REF-100,reference_letter,reference_letter/DOC-REF-100.pdf,53078
DOC-REF-101,reference_letter,reference_letter/DOC-REF-101.pdf,53862
DOC-REF-102,reference_letter,reference_letter/DOC-REF-102.pdf,51293
DOC-REF-103,reference_letter,reference_letter/DOC-REF-103.pdf,55472
DOC-REF-104,reference_letter,reference_letter/DOC-REF-104.pdf,13374
DOC-REF-105,reference_letter,reference_letter/DOC-REF-105.pdf,47632
DOC-REF-106,reference_letter,reference_letter/DOC-REF-106.pdf,58171
DOC-REF-107,reference_letter,reference_letter/DOC-REF-107.pdf,12794
DOC-REF-108,reference_letter,reference_letter/DOC-REF-108.pdf,52484
DOC-REF-109,reference_letter,reference_letter/DOC-REF-109.pdf,59419
DOC-REF-110,reference_letter,reference_letter/DOC-REF-110.pdf,47058
DOC-REF-111,reference_letter,reference_letter/DOC-REF-111.pdf,47805
DOC-REF-112,reference_letter,reference_letter/DOC-REF-112.pdf,12650
DOC-REF-113,reference_letter,reference_letter/DOC-REF-113.pdf,47057
DOC-REF-114,reference_letter,reference_letter/DOC-REF-114.pdf,58621
DOC-REF-115,reference_letter,reference_letter/DOC-REF-115.pdf,97199
DOC-REF-116,reference_letter,reference_letter/DOC-REF-116.pdf,97130
DOC-REF-117,reference_letter,reference_letter/DOC-REF-117.pdf,83359
DOC-REF-118,reference_letter,reference_letter/DOC-REF-118.pdf,49122
DOC-REF-119,reference_letter,reference_letter/DOC-REF-119.pdf,92711
DOC-REF-120,reference_letter,reference_letter/DOC-REF-120.pdf,12939
DOC-REF-121,reference_letter,reference_letter/DOC-REF-121.pdf,71932
DOC-REF-122,reference_letter,reference_letter/DOC-REF-122.pdf,27843
DOC-REF-123,reference_letter,reference_letter/DOC-REF-123.pdf,82732
DOC-REF-124,reference_letter,reference_letter/DOC-REF-124.pdf,62673
DOC-REF-125,reference_letter,reference_letter/DOC-REF-125.pdf,12856
DOC-REF-126,reference_letter,reference_letter/DOC-REF-126.pdf,72821
DOC-REF-127,reference_letter,reference_letter/DOC-REF-127.pdf,65676
DOC-REF-128,reference_letter,reference_letter/DOC-REF-128.pdf,14042
DOC-REF-129,reference_letter,reference_letter/DOC-REF-129.pdf,50011
DOC-REF-130,reference_letter,reference_letter/DOC-REF-130.pdf,47357
DOC-REF-131,reference_letter,reference_letter/DOC-REF-131.pdf,98656
DOC-REF-132,reference_letter,reference_letter/DOC-REF-132.pdf,52817
DOC-XL-AGEING,ageing_workbook,workbooks/Receivables_Ageing.xlsx,28042
DOC-XL-ASSETS,asset_register_workbook,workbooks/Plant_and_Machinery_Register.xlsx,15421
DOC-XL-BOQ-071,boq_workbook,workbooks/BOQ_and_Measurements_Contract_71.xlsx,9917
DOC-XL-BOQ-072,boq_workbook,workbooks/BOQ_and_Measurements_Contract_72.xlsx,8901
DOC-XL-BOQ-073,boq_workbook,workbooks/BOQ_and_Measurements_Contract_73.xlsx,9338
DOC-XL-BOQ-074,boq_workbook,workbooks/BOQ_and_Measurements_Contract_74.xlsx,10741
DOC-XL-BOQ-075,boq_workbook,workbooks/BOQ_and_Measurements_Contract_75.xlsx,10902
DOC-XL-BOQ-079,boq_workbook,workbooks/BOQ_and_Measurements_Contract_79.xlsx,9373
DOC-XL-TB,trial_balance_workbook,workbooks/Trial_Balance_by_Year.xlsx,17948
